timestamp,eventNumber,Idx
1723468563,0,0
1723468563,1,1
1723468563,2,2
1723468563,3,3
1723468563,4,4
1723468563,5,5
1723468563,6,6
1723468563,7,7
1723468563,8,8
1723468563,9,9
1723468563,10,10
1723468563,11,11
1723468563,12,12
1723468563,13,13
1723468563,14,14
1723468563,15,15
1723468563,16,16
1723468563,17,17
1723468563,18,18
1723468563,19,19
1723468563,20,20
1723468563,21,21
1723468563,22,22
1723468563,23,23
1723468563,24,24
1723468563,25,25
1723468563,26,26
1723468563,27,27
1723468563,28,28
1723468563,29,29
1723468563,30,30
1723468563,31,31
1723468563,32,32
1723468563,33,33
1723468563,34,34
1723468563,35,35
1723468563,36,36
1723468563,37,37
1723468563,38,38
1723468563,39,39
1723468563,40,40
1723468563,41,41
1723468563,42,42
1723468563,43,43
1723468563,44,44
1723468563,45,45
1723468563,46,46
1723468563,47,47
1723468563,48,48
1723468563,49,49
1723468563,50,50
1723468563,51,51
1723468563,52,52
1723468563,53,53
1723468563,54,54
1723468563,55,55
1723468563,56,56
1723468563,57,57
1723468563,58,58
1723468563,59,59
1723468563,60,60
1723468563,61,61
1723468563,62,62
1723468563,63,63
1723468563,64,64
1723468563,65,65
1723468563,66,66
1723468563,67,67
1723468564,68,68
1723468564,69,69
1723468564,70,70
1723468564,71,71
1723468564,72,72
1723468564,73,73
1723468564,74,74
1723468564,75,75
1723468564,76,76
1723468564,77,77
1723468564,78,78
1723468564,79,79
1723468564,80,80
1723468564,81,81
1723468564,82,82
1723468564,83,83
1723468564,84,84
1723468564,85,85
1723468564,86,86
1723468564,87,87
1723468564,88,88
1723468564,89,89
1723468564,90,90
1723468564,91,91
1723468564,92,92
1723468564,93,93
1723468564,94,94
1723468564,95,95
1723468564,96,96
1723468564,97,97
1723468564,98,98
1723468564,99,99
1723468564,100,100
1723468564,101,101
1723468564,102,102
1723468564,103,103
1723468564,104,104
1723468564,105,105
1723468564,106,106
1723468564,107,107
1723468564,108,108
1723468564,109,109
1723468564,110,110
1723468564,111,111
1723468564,112,112
1723468564,113,113
1723468564,114,114
1723468564,115,115
1723468564,116,116
1723468564,117,117
1723468564,118,118
1723468564,119,119
1723468564,120,120
1723468564,121,121
1723468564,122,122
1723468564,123,123
1723468564,124,124
1723468564,125,125
1723468564,126,126
1723468564,127,127
1723468564,128,128
1723468564,129,129
1723468564,130,130
1723468564,131,131
1723468564,132,132
1723468564,133,133
1723468564,134,134
1723468565,135,135
1723468565,136,136
1723468565,137,137
1723468565,138,138
1723468565,139,139
1723468565,140,140
1723468565,141,141
1723468565,142,142
1723468565,143,143
1723468565,144,144
1723468565,145,145
1723468565,146,146
1723468565,147,147
1723468565,148,148
1723468565,149,149
1723468565,150,150
1723468565,151,151
1723468565,152,152
1723468565,153,153
1723468565,154,154
1723468565,155,155
1723468565,156,156
1723468565,157,157
1723468565,158,158
1723468565,159,159
1723468565,160,160
1723468565,161,161
1723468565,162,162
1723468565,163,163
1723468565,164,164
1723468565,165,165
1723468565,166,166
1723468565,167,167
1723468565,168,168
1723468565,169,169
1723468565,170,170
1723468565,171,171
1723468565,172,172
1723468565,173,173
1723468565,174,174
1723468565,175,175
1723468565,176,176
1723468565,177,177
1723468565,178,178
1723468565,179,179
1723468565,180,180
1723468565,181,181
1723468565,182,182
1723468565,183,183
1723468565,184,184
1723468565,185,185
1723468565,186,186
1723468565,187,187
1723468565,188,188
1723468565,189,189
1723468565,190,190
1723468565,191,191
1723468565,192,192
1723468565,193,193
1723468565,194,194
1723468565,195,195
1723468565,196,196
1723468565,197,197
1723468565,198,198
1723468565,199,199
1723468565,200,200
1723468565,201,201
1723468565,202,202
1723468565,203,203
1723468565,204,204
1723468565,205,205
1723468565,206,206
1723468565,207,207
1723468566,208,208
1723468566,209,209
1723468566,210,210
1723468566,211,211
1723468566,212,212
1723468566,213,213
1723468566,214,214
1723468566,215,215
1723468566,216,216
1723468566,217,217
1723468566,218,218
1723468566,219,219
1723468566,220,220
1723468566,221,221
1723468566,222,222
1723468566,223,223
1723468566,224,224
1723468566,225,225
1723468566,226,226
1723468566,227,227
1723468566,228,228
1723468566,229,229
1723468566,230,230
1723468566,231,231
1723468566,232,232
1723468566,233,233
1723468566,234,234
1723468566,235,235
1723468566,236,236
1723468566,237,237
1723468566,238,238
1723468566,239,239
1723468566,240,240
1723468566,241,241
1723468566,242,242
1723468566,243,243
1723468566,244,244
1723468566,245,245
1723468566,246,246
1723468566,247,247
1723468566,248,248
1723468566,249,249
1723468566,250,250
1723468566,251,251
1723468566,252,252
1723468566,253,253
1723468566,254,254
1723468566,255,255
1723468566,256,256
1723468566,257,257
1723468566,258,258
1723468566,259,259
1723468566,260,260
1723468566,261,261
1723468566,262,262
1723468566,263,263
1723468566,264,264
1723468566,265,265
1723468566,266,266
1723468566,267,267
1723468566,268,268
1723468566,269,269
1723468566,270,270
1723468566,271,271
1723468566,272,272
1723468566,273,273
1723468566,274,274
1723468566,275,275
1723468566,276,276
1723468566,277,277
1723468566,278,278
1723468566,279,279
1723468566,280,280
1723468566,281,281
1723468566,282,282
1723468566,283,283
1723468566,284,284
1723468567,285,285
1723468567,286,286
1723468567,287,287
1723468567,288,288
1723468567,289,289
1723468567,290,290
1723468567,291,291
1723468567,292,292
1723468567,293,293
1723468567,294,294
1723468567,295,295
1723468567,296,296
1723468567,297,297
1723468567,298,298
1723468567,299,299
1723468567,300,300
1723468567,301,301
1723468567,302,302
1723468567,303,303
1723468567,304,304
1723468567,305,305
1723468567,306,306
1723468567,307,307
1723468567,308,308
1723468567,309,309
1723468567,310,310
1723468567,311,311
1723468567,312,312
1723468567,313,313
1723468567,314,314
1723468567,315,315
1723468567,316,316
1723468567,317,317
1723468567,318,318
1723468567,319,319
1723468567,320,320
1723468567,321,321
1723468567,322,322
1723468567,323,323
1723468567,324,324
1723468567,325,325
1723468567,326,326
1723468567,327,327
1723468567,328,328
1723468567,329,329
1723468567,330,330
1723468567,331,331
1723468567,332,332
1723468567,333,333
1723468567,334,334
1723468567,335,335
1723468567,336,336
1723468567,337,337
1723468567,338,338
1723468567,339,339
1723468567,340,340
1723468567,341,341
1723468567,342,342
1723468567,343,343
1723468567,344,344
1723468567,345,345
1723468567,346,346
1723468567,347,347
1723468567,348,348
1723468567,349,349
1723468567,350,350
1723468567,351,351
1723468567,352,352
1723468567,353,353
1723468568,354,354
1723468568,355,355
1723468568,356,356
1723468568,357,357
1723468568,358,358
1723468568,359,359
1723468568,360,360
1723468568,361,361
1723468568,362,362
1723468568,363,363
1723468568,364,364
1723468568,365,365
1723468568,366,366
1723468568,367,367
1723468568,368,368
1723468568,369,369
1723468568,370,370
1723468568,371,371
1723468568,372,372
1723468568,373,373
1723468568,374,374
1723468568,375,375
1723468568,376,376
1723468568,377,377
1723468568,378,378
1723468568,379,379
1723468568,380,380
1723468568,381,381
1723468568,382,382
1723468568,383,383
1723468568,384,384
1723468568,385,385
1723468568,386,386
1723468568,387,387
1723468568,388,388
1723468568,389,389
1723468568,390,390
1723468568,391,391
1723468568,392,392
1723468568,393,393
1723468568,394,394
1723468568,395,395
1723468568,396,396
1723468568,397,397
1723468568,398,398
1723468568,399,399
1723468568,400,400
1723468568,401,401
1723468568,402,402
1723468568,403,403
1723468568,404,404
1723468568,405,405
1723468568,406,406
1723468568,407,407
1723468568,408,408
1723468568,409,409
1723468568,410,410
1723468568,411,411
1723468568,412,412
1723468568,413,413
1723468568,414,414
1723468568,415,415
1723468569,416,416
1723468569,417,417
1723468569,418,418
1723468569,419,419
1723468569,420,420
1723468569,421,421
1723468569,422,422
1723468569,423,423
1723468569,424,424
1723468569,425,425
1723468569,426,426
1723468569,427,427
1723468569,428,428
1723468569,429,429
1723468569,430,430
1723468569,431,431
1723468569,432,432
1723468569,433,433
1723468569,434,434
1723468569,435,435
1723468569,436,436
1723468569,437,437
1723468569,438,438
1723468569,439,439
1723468569,440,440
1723468569,441,441
1723468569,442,442
1723468569,443,443
1723468569,444,444
1723468569,445,445
1723468569,446,446
1723468569,447,447
1723468569,448,448
1723468569,449,449
1723468569,450,450
1723468569,451,451
1723468569,452,452
1723468569,453,453
1723468569,454,454
1723468569,455,455
1723468569,456,456
1723468569,457,457
1723468569,458,458
1723468569,459,459
1723468569,460,460
1723468569,461,461
1723468569,462,462
1723468569,463,463
1723468569,464,464
1723468569,465,465
1723468569,466,466
1723468569,467,467
1723468569,468,468
1723468569,469,469
1723468569,470,470
1723468569,471,471
1723468569,472,472
1723468569,473,473
1723468569,474,474
1723468569,475,475
1723468569,476,476
1723468569,477,477
1723468569,478,478
1723468569,479,479
1723468569,480,480
1723468569,481,481
1723468569,482,482
1723468570,483,483
1723468570,484,484
1723468570,485,485
1723468570,486,486
1723468570,487,487
1723468570,488,488
1723468570,489,489
1723468570,490,490
1723468570,491,491
1723468570,492,492
1723468570,493,493
1723468570,494,494
1723468570,495,495
1723468570,496,496
1723468570,497,497
1723468570,498,498
1723468570,499,499
1723468570,500,500
1723468570,501,501
1723468570,502,502
1723468570,503,503
1723468570,504,504
1723468570,505,505
1723468570,506,506
1723468570,507,507
1723468570,508,508
1723468570,509,509
1723468570,510,510
1723468570,511,511
1723468570,512,512
1723468570,513,513
1723468570,514,514
1723468570,515,515
1723468570,516,516
1723468570,517,517
1723468570,518,518
1723468570,519,519
1723468570,520,520
1723468570,521,521
1723468570,522,522
1723468570,523,523
1723468570,524,524
1723468570,525,525
1723468570,526,526
1723468570,527,527
1723468570,528,528
1723468570,529,529
1723468570,530,530
1723468570,531,531
1723468570,532,532
1723468570,533,533
1723468570,534,534
1723468570,535,535
1723468570,536,536
1723468570,537,537
1723468570,538,538
1723468570,539,539
1723468570,540,540
1723468570,541,541
1723468570,542,542
1723468570,543,543
1723468570,544,544
1723468571,545,545
1723468571,546,546
1723468571,547,547
1723468571,548,548
1723468571,549,549
1723468571,550,550
1723468571,551,551
1723468571,552,552
1723468571,553,553
1723468571,554,554
1723468571,555,555
1723468571,556,556
1723468571,557,557
1723468571,558,558
1723468571,559,559
1723468571,560,560
1723468571,561,561
1723468571,562,562
1723468571,563,563
1723468571,564,564
1723468571,565,565
1723468571,566,566
1723468571,567,567
1723468571,568,568
1723468571,569,569
1723468571,570,570
1723468571,571,571
1723468571,572,572
1723468571,573,573
1723468571,574,574
1723468571,575,575
1723468571,576,576
1723468571,577,577
1723468571,578,578
1723468571,579,579
1723468571,580,580
1723468571,581,581
1723468571,582,582
1723468571,583,583
1723468571,584,584
1723468571,585,585
1723468571,586,586
1723468571,587,587
1723468571,588,588
1723468571,589,589
1723468571,590,590
1723468571,591,591
1723468571,592,592
1723468571,593,593
1723468571,594,594
1723468571,595,595
1723468571,596,596
1723468571,597,597
1723468571,598,598
1723468571,599,599
1723468571,600,600
1723468571,601,601
1723468571,602,602
1723468571,603,603
1723468571,604,604
1723468571,605,605
1723468571,606,606
1723468571,607,607
1723468571,608,608
1723468571,609,609
1723468571,610,610
1723468571,611,611
1723468571,612,612
1723468571,613,613
1723468571,614,614
1723468571,615,615
1723468572,616,616
1723468572,617,617
1723468572,618,618
1723468572,619,619
1723468572,620,620
1723468572,621,621
1723468572,622,622
1723468572,623,623
1723468572,624,624
1723468572,625,625
1723468572,626,626
1723468572,627,627
1723468572,628,628
1723468572,629,629
1723468572,630,630
1723468572,631,631
1723468572,632,632
1723468572,633,633
1723468572,634,634
1723468572,635,635
1723468572,636,636
1723468572,637,637
1723468572,638,638
1723468572,639,639
1723468572,640,640
1723468572,641,641
1723468572,642,642
1723468572,643,643
1723468572,644,644
1723468572,645,645
1723468572,646,646
1723468572,647,647
1723468572,648,648
1723468572,649,649
1723468572,650,650
1723468572,651,651
1723468572,652,652
1723468572,653,653
1723468572,654,654
1723468572,655,655
1723468572,656,656
1723468572,657,657
1723468572,658,658
1723468572,659,659
1723468572,660,660
1723468572,661,661
1723468572,662,662
1723468572,663,663
1723468572,664,664
1723468572,665,665
1723468572,666,666
1723468572,667,667
1723468572,668,668
1723468572,669,669
1723468572,670,670
1723468573,671,671
1723468573,672,672
1723468573,673,673
1723468573,674,674
1723468573,675,675
1723468573,676,676
1723468573,677,677
1723468573,678,678
1723468573,679,679
1723468573,680,680
1723468573,681,681
1723468573,682,682
1723468573,683,683
1723468573,684,684
1723468573,685,685
1723468573,686,686
1723468573,687,687
1723468573,688,688
1723468573,689,689
1723468573,690,690
1723468573,691,691
1723468573,692,692
1723468573,693,693
1723468573,694,694
1723468573,695,695
1723468573,696,696
1723468573,697,697
1723468573,698,698
1723468573,699,699
1723468573,700,700
1723468573,701,701
1723468573,702,702
1723468573,703,703
1723468573,704,704
1723468573,705,705
1723468573,706,706
1723468573,707,707
1723468573,708,708
1723468573,709,709
1723468573,710,710
1723468573,711,711
1723468573,712,712
1723468573,713,713
1723468573,714,714
1723468573,715,715
1723468573,716,716
1723468573,717,717
1723468573,718,718
1723468573,719,719
1723468573,720,720
1723468573,721,721
1723468573,722,722
1723468573,723,723
1723468573,724,724
1723468573,725,725
1723468573,726,726
1723468573,727,727
1723468573,728,728
1723468573,729,729
1723468573,730,730
1723468573,731,731
1723468573,732,732
1723468573,733,733
1723468573,734,734
1723468573,735,735
1723468573,736,736
1723468573,737,737
1723468573,738,738
1723468574,739,739
1723468574,740,740
1723468574,741,741
1723468574,742,742
1723468574,743,743
1723468574,744,744
1723468574,745,745
1723468574,746,746
1723468574,747,747
1723468574,748,748
1723468574,749,749
1723468574,750,750
1723468574,751,751
1723468574,752,752
1723468574,753,753
1723468574,754,754
1723468574,755,755
1723468574,756,756
1723468574,757,757
1723468574,758,758
1723468574,759,759
1723468574,760,760
1723468574,761,761
1723468574,762,762
1723468574,763,763
1723468574,764,764
1723468574,765,765
1723468574,766,766
1723468574,767,767
1723468574,768,768
1723468574,769,769
1723468574,770,770
1723468574,771,771
1723468574,772,772
1723468574,773,773
1723468574,774,774
1723468574,775,775
1723468574,776,776
1723468574,777,777
1723468574,778,778
1723468574,779,779
1723468574,780,780
1723468574,781,781
1723468574,782,782
1723468574,783,783
1723468574,784,784
1723468574,785,785
1723468574,786,786
1723468574,787,787
1723468574,788,788
1723468574,789,789
1723468574,790,790
1723468574,791,791
1723468574,792,792
1723468574,793,793
1723468574,794,794
1723468574,795,795
1723468574,796,796
1723468574,797,797
1723468574,798,798
1723468574,799,799
1723468574,800,800
1723468574,801,801
1723468574,802,802
1723468574,803,803
1723468574,804,804
1723468574,805,805
1723468574,806,806
1723468574,807,807
1723468574,808,808
1723468574,809,809
1723468574,810,810
1723468574,811,811
1723468574,812,812
1723468575,813,813
1723468575,814,814
1723468575,815,815
1723468575,816,816
1723468575,817,817
1723468575,818,818
1723468575,819,819
1723468575,820,820
1723468575,821,821
1723468575,822,822
1723468575,823,823
1723468575,824,824
1723468575,825,825
1723468575,826,826
1723468575,827,827
1723468575,828,828
1723468575,829,829
1723468575,830,830
1723468575,831,831
1723468575,832,832
1723468575,833,833
1723468575,834,834
1723468575,835,835
1723468575,836,836
1723468575,837,837
1723468575,838,838
1723468575,839,839
1723468575,840,840
1723468575,841,841
1723468575,842,842
1723468575,843,843
1723468575,844,844
1723468575,845,845
1723468575,846,846
1723468575,847,847
1723468575,848,848
1723468575,849,849
1723468575,850,850
1723468575,851,851
1723468575,852,852
1723468575,853,853
1723468575,854,854
1723468575,855,855
1723468575,856,856
1723468575,857,857
1723468575,858,858
1723468575,859,859
1723468575,860,860
1723468575,861,861
1723468575,862,862
1723468575,863,863
1723468575,864,864
1723468575,865,865
1723468575,866,866
1723468575,867,867
1723468575,868,868
1723468575,869,869
1723468575,870,870
1723468575,871,871
1723468576,872,872
1723468576,873,873
1723468576,874,874
1723468576,875,875
1723468576,876,876
1723468576,877,877
1723468576,878,878
1723468576,879,879
1723468576,880,880
1723468576,881,881
1723468576,882,882
1723468576,883,883
1723468576,884,884
1723468576,885,885
1723468576,886,886
1723468576,887,887
1723468576,888,888
1723468576,889,889
1723468576,890,890
1723468576,891,891
1723468576,892,892
1723468576,893,893
1723468576,894,894
1723468576,895,895
1723468576,896,896
1723468576,897,897
1723468576,898,898
1723468576,899,899
1723468576,900,900
1723468576,901,901
1723468576,902,902
1723468576,903,903
1723468576,904,904
1723468576,905,905
1723468576,906,906
1723468576,907,907
1723468576,908,908
1723468576,909,909
1723468576,910,910
1723468576,911,911
1723468576,912,912
1723468576,913,913
1723468576,914,914
1723468576,915,915
1723468576,916,916
1723468576,917,917
1723468576,918,918
1723468576,919,919
1723468577,920,920
1723468577,921,921
1723468577,922,922
1723468577,923,923
1723468577,924,924
1723468577,925,925
1723468577,926,926
1723468577,927,927
1723468577,928,928
1723468577,929,929
1723468577,930,930
1723468577,931,931
1723468577,932,932
1723468577,933,933
1723468577,934,934
1723468577,935,935
1723468577,936,936
1723468577,937,937
1723468577,938,938
1723468577,939,939
1723468577,940,940
1723468577,941,941
1723468577,942,942
1723468577,943,943
1723468577,944,944
1723468577,945,945
1723468577,946,946
1723468577,947,947
1723468577,948,948
1723468577,949,949
1723468577,950,950
1723468577,951,951
1723468577,952,952
1723468577,953,953
1723468577,954,954
1723468577,955,955
1723468577,956,956
1723468577,957,957
1723468577,958,958
1723468577,959,959
1723468577,960,960
1723468577,961,961
1723468577,962,962
1723468577,963,963
1723468577,964,964
1723468577,965,965
1723468577,966,966
1723468577,967,967
1723468577,968,968
1723468577,969,969
1723468577,970,970
1723468577,971,971
1723468577,972,972
1723468577,973,973
1723468577,974,974
1723468577,975,975
1723468577,976,976
1723468577,977,977
1723468577,978,978
1723468577,979,979
1723468577,980,980
1723468577,981,981
1723468577,982,982
1723468578,983,983
1723468578,984,984
1723468578,985,985
1723468578,986,986
1723468578,987,987
1723468578,988,988
1723468578,989,989
1723468578,990,990
1723468578,991,991
1723468578,992,992
1723468578,993,993
1723468578,994,994
1723468578,995,995
1723468578,996,996
1723468578,997,997
1723468578,998,998
1723468578,999,999
1723468578,1000,1000
1723468578,1001,1001
1723468578,1002,1002
1723468578,1003,1003
1723468578,1004,1004
1723468578,1005,1005
1723468578,1006,1006
1723468578,1007,1007
1723468578,1008,1008
1723468578,1009,1009
1723468578,1010,1010
1723468578,1011,1011
1723468578,1012,1012
1723468578,1013,1013
1723468578,1014,1014
1723468578,1015,1015
1723468578,1016,1016
1723468578,1017,1017
1723468578,1018,1018
1723468578,1019,1019
1723468578,1020,1020
1723468578,1021,1021
1723468578,1022,1022
1723468578,1023,1023
1723468578,1024,1024
1723468578,1025,1025
1723468578,1026,1026
1723468578,1027,1027
1723468578,1028,1028
1723468578,1029,1029
1723468578,1030,1030
1723468578,1031,1031
1723468578,1032,1032
1723468578,1033,1033
1723468578,1034,1034
1723468578,1035,1035
1723468578,1036,1036
1723468578,1037,1037
1723468578,1038,1038
1723468578,1039,1039
1723468578,1040,1040
1723468578,1041,1041
1723468578,1042,1042
1723468578,1043,1043
1723468578,1044,1044
1723468578,1045,1045
1723468578,1046,1046
1723468578,1047,1047
1723468579,1048,1048
1723468579,1049,1049
1723468579,1050,1050
1723468579,1051,1051
1723468579,1052,1052
1723468579,1053,1053
1723468579,1054,1054
1723468579,1055,1055
1723468579,1056,1056
1723468579,1057,1057
1723468579,1058,1058
1723468579,1059,1059
1723468579,1060,1060
1723468579,1061,1061
1723468579,1062,1062
1723468579,1063,1063
1723468579,1064,1064
1723468579,1065,1065
1723468579,1066,1066
1723468579,1067,1067
1723468579,1068,1068
1723468579,1069,1069
1723468579,1070,1070
1723468579,1071,1071
1723468579,1072,1072
1723468579,1073,1073
1723468579,1074,1074
1723468579,1075,1075
1723468579,1076,1076
1723468579,1077,1077
1723468579,1078,1078
1723468579,1079,1079
1723468579,1080,1080
1723468579,1081,1081
1723468579,1082,1082
1723468579,1083,1083
1723468579,1084,1084
1723468579,1085,1085
1723468579,1086,1086
1723468579,1087,1087
1723468579,1088,1088
1723468579,1089,1089
1723468579,1090,1090
1723468579,1091,1091
1723468579,1092,1092
1723468579,1093,1093
1723468579,1094,1094
1723468579,1095,1095
1723468579,1096,1096
1723468579,1097,1097
1723468579,1098,1098
1723468579,1099,1099
1723468579,1100,1100
1723468579,1101,1101
1723468579,1102,1102
1723468579,1103,1103
1723468579,1104,1104
1723468579,1105,1105
1723468579,1106,1106
1723468579,1107,1107
1723468579,1108,1108
1723468579,1109,1109
1723468579,1110,1110
1723468579,1111,1111
1723468579,1112,1112
1723468579,1113,1113
1723468579,1114,1114
1723468579,1115,1115
1723468579,1116,1116
1723468579,1117,1117
1723468579,1118,1118
1723468579,1119,1119
1723468579,1120,1120
1723468579,1121,1121
1723468579,1122,1122
1723468579,1123,1123
1723468579,1124,1124
1723468580,1125,1125
1723468580,1126,1126
1723468580,1127,1127
1723468580,1128,1128
1723468580,1129,1129
1723468580,1130,1130
1723468580,1131,1131
1723468580,1132,1132
1723468580,1133,1133
1723468580,1134,1134
1723468580,1135,1135
1723468580,1136,1136
1723468580,1137,1137
1723468580,1138,1138
1723468580,1139,1139
1723468580,1140,1140
1723468580,1141,1141
1723468580,1142,1142
1723468580,1143,1143
1723468580,1144,1144
1723468580,1145,1145
1723468580,1146,1146
1723468580,1147,1147
1723468580,1148,1148
1723468580,1149,1149
1723468580,1150,1150
1723468580,1151,1151
1723468580,1152,1152
1723468580,1153,1153
1723468580,1154,1154
1723468580,1155,1155
1723468580,1156,1156
1723468580,1157,1157
1723468580,1158,1158
1723468580,1159,1159
1723468580,1160,1160
1723468580,1161,1161
1723468580,1162,1162
1723468580,1163,1163
1723468580,1164,1164
1723468580,1165,1165
1723468580,1166,1166
1723468580,1167,1167
1723468580,1168,1168
1723468580,1169,1169
1723468580,1170,1170
1723468580,1171,1171
1723468580,1172,1172
1723468580,1173,1173
1723468580,1174,1174
1723468580,1175,1175
1723468580,1176,1176
1723468580,1177,1177
1723468580,1178,1178
1723468580,1179,1179
1723468580,1180,1180
1723468580,1181,1181
1723468580,1182,1182
1723468580,1183,1183
1723468580,1184,1184
1723468580,1185,1185
1723468580,1186,1186
1723468580,1187,1187
1723468580,1188,1188
1723468580,1189,1189
1723468580,1190,1190
1723468580,1191,1191
1723468580,1192,1192
1723468580,1193,1193
1723468580,1194,1194
1723468580,1195,1195
1723468580,1196,1196
1723468580,1197,1197
1723468580,1198,1198
1723468580,1199,1199
1723468580,1200,1200
1723468580,1201,1201
1723468580,1202,1202
1723468581,1203,1203
1723468581,1204,1204
1723468581,1205,1205
1723468581,1206,1206
1723468581,1207,1207
1723468581,1208,1208
1723468581,1209,1209
1723468581,1210,1210
1723468581,1211,1211
1723468581,1212,1212
1723468581,1213,1213
1723468581,1214,1214
1723468581,1215,1215
1723468581,1216,1216
1723468581,1217,1217
1723468581,1218,1218
1723468581,1219,1219
1723468581,1220,1220
1723468581,1221,1221
1723468581,1222,1222
1723468581,1223,1223
1723468581,1224,1224
1723468581,1225,1225
1723468581,1226,1226
1723468581,1227,1227
1723468581,1228,1228
1723468581,1229,1229
1723468581,1230,1230
1723468581,1231,1231
1723468581,1232,1232
1723468581,1233,1233
1723468581,1234,1234
1723468581,1235,1235
1723468581,1236,1236
1723468581,1237,1237
1723468581,1238,1238
1723468581,1239,1239
1723468581,1240,1240
1723468581,1241,1241
1723468581,1242,1242
1723468581,1243,1243
1723468581,1244,1244
1723468581,1245,1245
1723468581,1246,1246
1723468581,1247,1247
1723468581,1248,1248
1723468581,1249,1249
1723468582,1250,1250
1723468582,1251,1251
1723468582,1252,1252
1723468582,1253,1253
1723468582,1254,1254
1723468582,1255,1255
1723468582,1256,1256
1723468582,1257,1257
1723468582,1258,1258
1723468582,1259,1259
1723468582,1260,1260
1723468582,1261,1261
1723468582,1262,1262
1723468582,1263,1263
1723468582,1264,1264
1723468582,1265,1265
1723468582,1266,1266
1723468582,1267,1267
1723468582,1268,1268
1723468582,1269,1269
1723468582,1270,1270
1723468582,1271,1271
1723468582,1272,1272
1723468582,1273,1273
1723468582,1274,1274
1723468582,1275,1275
1723468582,1276,1276
1723468582,1277,1277
1723468582,1278,1278
1723468582,1279,1279
1723468582,1280,1280
1723468582,1281,1281
1723468582,1282,1282
1723468582,1283,1283
1723468582,1284,1284
1723468582,1285,1285
1723468582,1286,1286
1723468582,1287,1287
1723468582,1288,1288
1723468582,1289,1289
1723468582,1290,1290
1723468582,1291,1291
1723468582,1292,1292
1723468582,1293,1293
1723468582,1294,1294
1723468582,1295,1295
1723468582,1296,1296
1723468582,1297,1297
1723468582,1298,1298
1723468582,1299,1299
1723468582,1300,1300
1723468582,1301,1301
1723468582,1302,1302
1723468582,1303,1303
1723468582,1304,1304
1723468582,1305,1305
1723468582,1306,1306
1723468582,1307,1307
1723468582,1308,1308
1723468582,1309,1309
1723468582,1310,1310
1723468582,1311,1311
1723468582,1312,1312
1723468582,1313,1313
1723468582,1314,1314
1723468583,1315,1315
1723468583,1316,1316
1723468583,1317,1317
1723468583,1318,1318
1723468583,1319,1319
1723468583,1320,1320
1723468583,1321,1321
1723468583,1322,1322
1723468583,1323,1323
1723468583,1324,1324
1723468583,1325,1325
1723468583,1326,1326
1723468583,1327,1327
1723468583,1328,1328
1723468583,1329,1329
1723468583,1330,1330
1723468583,1331,1331
1723468583,1332,1332
1723468583,1333,1333
1723468583,1334,1334
1723468583,1335,1335
1723468583,1336,1336
1723468583,1337,1337
1723468583,1338,1338
1723468583,1339,1339
1723468583,1340,1340
1723468583,1341,1341
1723468583,1342,1342
1723468583,1343,1343
1723468583,1344,1344
1723468583,1345,1345
1723468583,1346,1346
1723468583,1347,1347
1723468583,1348,1348
1723468583,1349,1349
1723468583,1350,1350
1723468583,1351,1351
1723468583,1352,1352
1723468583,1353,1353
1723468583,1354,1354
1723468583,1355,1355
1723468583,1356,1356
1723468583,1357,1357
1723468583,1358,1358
1723468583,1359,1359
1723468583,1360,1360
1723468583,1361,1361
1723468583,1362,1362
1723468583,1363,1363
1723468583,1364,1364
1723468583,1365,1365
1723468583,1366,1366
1723468583,1367,1367
1723468583,1368,1368
1723468583,1369,1369
1723468583,1370,1370
1723468583,1371,1371
1723468583,1372,1372
1723468583,1373,1373
1723468583,1374,1374
1723468583,1375,1375
1723468583,1376,1376
1723468583,1377,1377
1723468583,1378,1378
1723468583,1379,1379
1723468583,1380,1380
1723468583,1381,1381
1723468583,1382,1382
1723468583,1383,1383
1723468583,1384,1384
1723468584,1385,1385
1723468584,1386,1386
1723468584,1387,1387
1723468584,1388,1388
1723468584,1389,1389
1723468584,1390,1390
1723468584,1391,1391
1723468584,1392,1392
1723468584,1393,1393
1723468584,1394,1394
1723468584,1395,1395
1723468584,1396,1396
1723468584,1397,1397
1723468584,1398,1398
1723468584,1399,1399
1723468584,1400,1400
1723468584,1401,1401
1723468584,1402,1402
1723468584,1403,1403
1723468584,1404,1404
1723468584,1405,1405
1723468584,1406,1406
1723468584,1407,1407
1723468584,1408,1408
1723468584,1409,1409
1723468584,1410,1410
1723468584,1411,1411
1723468584,1412,1412
1723468584,1413,1413
1723468584,1414,1414
1723468584,1415,1415
1723468584,1416,1416
1723468584,1417,1417
1723468584,1418,1418
1723468584,1419,1419
1723468584,1420,1420
1723468584,1421,1421
1723468584,1422,1422
1723468584,1423,1423
1723468584,1424,1424
1723468584,1425,1425
1723468584,1426,1426
1723468584,1427,1427
1723468584,1428,1428
1723468584,1429,1429
1723468584,1430,1430
1723468584,1431,1431
1723468584,1432,1432
1723468584,1433,1433
1723468584,1434,1434
1723468584,1435,1435
1723468584,1436,1436
1723468584,1437,1437
1723468584,1438,1438
1723468584,1439,1439
1723468584,1440,1440
1723468584,1441,1441
1723468584,1442,1442
1723468584,1443,1443
1723468584,1444,1444
1723468584,1445,1445
1723468584,1446,1446
1723468584,1447,1447
1723468584,1448,1448
1723468584,1449,1449
1723468584,1450,1450
1723468585,1451,1451
1723468585,1452,1452
1723468585,1453,1453
1723468585,1454,1454
1723468585,1455,1455
1723468585,1456,1456
1723468585,1457,1457
1723468585,1458,1458
1723468585,1459,1459
1723468585,1460,1460
1723468585,1461,1461
1723468585,1462,1462
1723468585,1463,1463
1723468585,1464,1464
1723468585,1465,1465
1723468585,1466,1466
1723468585,1467,1467
1723468585,1468,1468
1723468585,1469,1469
1723468585,1470,1470
1723468585,1471,1471
1723468585,1472,1472
1723468585,1473,1473
1723468585,1474,1474
1723468585,1475,1475
1723468585,1476,1476
1723468585,1477,1477
1723468585,1478,1478
1723468585,1479,1479
1723468585,1480,1480
1723468585,1481,1481
1723468585,1482,1482
1723468585,1483,1483
1723468585,1484,1484
1723468585,1485,1485
1723468585,1486,1486
1723468585,1487,1487
1723468585,1488,1488
1723468585,1489,1489
1723468585,1490,1490
1723468585,1491,1491
1723468585,1492,1492
1723468585,1493,1493
1723468585,1494,1494
1723468585,1495,1495
1723468585,1496,1496
1723468585,1497,1497
1723468585,1498,1498
1723468585,1499,1499
1723468585,1500,1500
1723468585,1501,1501
1723468585,1502,1502
1723468585,1503,1503
1723468585,1504,1504
1723468585,1505,1505
1723468585,1506,1506
1723468585,1507,1507
1723468585,1508,1508
1723468586,1509,1509
1723468586,1510,1510
1723468586,1511,1511
1723468586,1512,1512
1723468586,1513,1513
1723468586,1514,1514
1723468586,1515,1515
1723468586,1516,1516
1723468586,1517,1517
1723468586,1518,1518
1723468586,1519,1519
1723468586,1520,1520
1723468586,1521,1521
1723468586,1522,1522
1723468586,1523,1523
1723468586,1524,1524
1723468586,1525,1525
1723468586,1526,1526
1723468586,1527,1527
1723468586,1528,1528
1723468586,1529,1529
1723468586,1530,1530
1723468586,1531,1531
1723468586,1532,1532
1723468586,1533,1533
1723468586,1534,1534
1723468586,1535,1535
1723468586,1536,1536
1723468586,1537,1537
1723468586,1538,1538
1723468586,1539,1539
1723468586,1540,1540
1723468586,1541,1541
1723468586,1542,1542
1723468586,1543,1543
1723468586,1544,1544
1723468586,1545,1545
1723468586,1546,1546
1723468586,1547,1547
1723468586,1548,1548
1723468586,1549,1549
1723468586,1550,1550
1723468586,1551,1551
1723468586,1552,1552
1723468586,1553,1553
1723468586,1554,1554
1723468586,1555,1555
1723468586,1556,1556
1723468586,1557,1557
1723468586,1558,1558
1723468586,1559,1559
1723468586,1560,1560
1723468586,1561,1561
1723468586,1562,1562
1723468586,1563,1563
1723468586,1564,1564
1723468586,1565,1565
1723468586,1566,1566
1723468586,1567,1567
1723468586,1568,1568
1723468586,1569,1569
1723468586,1570,1570
1723468586,1571,1571
1723468586,1572,1572
1723468586,1573,1573
1723468586,1574,1574
1723468586,1575,1575
1723468586,1576,1576
1723468586,1577,1577
1723468586,1578,1578
1723468586,1579,1579
1723468586,1580,1580
1723468586,1581,1581
1723468586,1582,1582
1723468586,1583,1583
1723468586,1584,1584
1723468586,1585,1585
1723468586,1586,1586
1723468586,1587,1587
1723468586,1588,1588
1723468586,1589,1589
1723468586,1590,1590
1723468587,1591,1591
1723468587,1592,1592
1723468587,1593,1593
1723468587,1594,1594
1723468587,1595,1595
1723468587,1596,1596
1723468587,1597,1597
1723468587,1598,1598
1723468587,1599,1599
1723468587,1600,1600
1723468587,1601,1601
1723468587,1602,1602
1723468587,1603,1603
1723468587,1604,1604
1723468587,1605,1605
1723468587,1606,1606
1723468587,1607,1607
1723468587,1608,1608
1723468587,1609,1609
1723468587,1610,1610
1723468587,1611,1611
1723468587,1612,1612
1723468587,1613,1613
1723468587,1614,1614
1723468587,1615,1615
1723468587,1616,1616
1723468587,1617,1617
1723468587,1618,1618
1723468587,1619,1619
1723468587,1620,1620
1723468587,1621,1621
1723468587,1622,1622
1723468587,1623,1623
1723468587,1624,1624
1723468587,1625,1625
1723468587,1626,1626
1723468587,1627,1627
1723468587,1628,1628
1723468587,1629,1629
1723468587,1630,1630
1723468587,1631,1631
1723468587,1632,1632
1723468587,1633,1633
1723468587,1634,1634
1723468587,1635,1635
1723468587,1636,1636
1723468587,1637,1637
1723468587,1638,1638
1723468587,1639,1639
1723468587,1640,1640
1723468587,1641,1641
1723468587,1642,1642
1723468587,1643,1643
1723468587,1644,1644
1723468587,1645,1645
1723468587,1646,1646
1723468587,1647,1647
1723468587,1648,1648
1723468587,1649,1649
1723468587,1650,1650
1723468587,1651,1651
1723468587,1652,1652
1723468587,1653,1653
1723468587,1654,1654
1723468587,1655,1655
1723468587,1656,1656
1723468587,1657,1657
1723468587,1658,1658
1723468587,1659,1659
1723468587,1660,1660
1723468587,1661,1661
1723468587,1662,1662
1723468587,1663,1663
1723468587,1664,1664
1723468588,1665,1665
1723468588,1666,1666
1723468588,1667,1667
1723468588,1668,1668
1723468588,1669,1669
1723468588,1670,1670
1723468588,1671,1671
1723468588,1672,1672
1723468588,1673,1673
1723468588,1674,1674
1723468588,1675,1675
1723468588,1676,1676
1723468588,1677,1677
1723468588,1678,1678
1723468588,1679,1679
1723468588,1680,1680
1723468588,1681,1681
1723468588,1682,1682
1723468588,1683,1683
1723468588,1684,1684
1723468588,1685,1685
1723468588,1686,1686
1723468588,1687,1687
1723468588,1688,1688
1723468588,1689,1689
1723468588,1690,1690
1723468588,1691,1691
1723468588,1692,1692
1723468588,1693,1693
1723468588,1694,1694
1723468588,1695,1695
1723468588,1696,1696
1723468588,1697,1697
1723468588,1698,1698
1723468588,1699,1699
1723468588,1700,1700
1723468588,1701,1701
1723468588,1702,1702
1723468588,1703,1703
1723468588,1704,1704
1723468588,1705,1705
1723468588,1706,1706
1723468588,1707,1707
1723468588,1708,1708
1723468588,1709,1709
1723468588,1710,1710
1723468588,1711,1711
1723468588,1712,1712
1723468588,1713,1713
1723468588,1714,1714
1723468588,1715,1715
1723468588,1716,1716
1723468588,1717,1717
1723468588,1718,1718
1723468588,1719,1719
1723468588,1720,1720
1723468588,1721,1721
1723468588,1722,1722
1723468588,1723,1723
1723468588,1724,1724
1723468588,1725,1725
1723468588,1726,1726
1723468588,1727,1727
1723468588,1728,1728
1723468588,1729,1729
1723468588,1730,1730
1723468588,1731,1731
1723468588,1732,1732
1723468588,1733,1733
1723468588,1734,1734
1723468588,1735,1735
1723468588,1736,1736
1723468588,1737,1737
1723468589,1738,1738
1723468589,1739,1739
1723468589,1740,1740
1723468589,1741,1741
1723468589,1742,1742
1723468589,1743,1743
1723468589,1744,1744
1723468589,1745,1745
1723468589,1746,1746
1723468589,1747,1747
1723468589,1748,1748
1723468589,1749,1749
1723468589,1750,1750
1723468589,1751,1751
1723468589,1752,1752
1723468589,1753,1753
1723468589,1754,1754
1723468589,1755,1755
1723468589,1756,1756
1723468589,1757,1757
1723468589,1758,1758
1723468589,1759,1759
1723468589,1760,1760
1723468589,1761,1761
1723468589,1762,1762
1723468589,1763,1763
1723468589,1764,1764
1723468589,1765,1765
1723468589,1766,1766
1723468589,1767,1767
1723468589,1768,1768
1723468589,1769,1769
1723468589,1770,1770
1723468589,1771,1771
1723468589,1772,1772
1723468589,1773,1773
1723468589,1774,1774
1723468589,1775,1775
1723468589,1776,1776
1723468589,1777,1777
1723468589,1778,1778
1723468589,1779,1779
1723468589,1780,1780
1723468589,1781,1781
1723468589,1782,1782
1723468589,1783,1783
1723468589,1784,1784
1723468589,1785,1785
1723468589,1786,1786
1723468589,1787,1787
1723468589,1788,1788
1723468589,1789,1789
1723468589,1790,1790
1723468589,1791,1791
1723468589,1792,1792
1723468589,1793,1793
1723468589,1794,1794
1723468589,1795,1795
1723468589,1796,1796
1723468589,1797,1797
1723468589,1798,1798
1723468589,1799,1799
1723468590,1800,1800
1723468590,1801,1801
1723468590,1802,1802
1723468590,1803,1803
1723468590,1804,1804
1723468590,1805,1805
1723468590,1806,1806
1723468590,1807,1807
1723468590,1808,1808
1723468590,1809,1809
1723468590,1810,1810
1723468590,1811,1811
1723468590,1812,1812
1723468590,1813,1813
1723468590,1814,1814
1723468590,1815,1815
1723468590,1816,1816
1723468590,1817,1817
1723468590,1818,1818
1723468590,1819,1819
1723468590,1820,1820
1723468590,1821,1821
1723468590,1822,1822
1723468590,1823,1823
1723468590,1824,1824
1723468590,1825,1825
1723468590,1826,1826
1723468590,1827,1827
1723468590,1828,1828
1723468590,1829,1829
1723468590,1830,1830
1723468590,1831,1831
1723468590,1832,1832
1723468590,1833,1833
1723468590,1834,1834
1723468590,1835,1835
1723468590,1836,1836
1723468590,1837,1837
1723468590,1838,1838
1723468590,1839,1839
1723468590,1840,1840
1723468590,1841,1841
1723468590,1842,1842
1723468590,1843,1843
1723468590,1844,1844
1723468590,1845,1845
1723468590,1846,1846
1723468590,1847,1847
1723468590,1848,1848
1723468590,1849,1849
1723468590,1850,1850
1723468590,1851,1851
1723468590,1852,1852
1723468590,1853,1853
1723468590,1854,1854
1723468590,1855,1855
1723468590,1856,1856
1723468590,1857,1857
1723468590,1858,1858
1723468590,1859,1859
1723468590,1860,1860
1723468590,1861,1861
1723468590,1862,1862
1723468590,1863,1863
1723468590,1864,1864
1723468590,1865,1865
1723468590,1866,1866
1723468590,1867,1867
1723468590,1868,1868
1723468590,1869,1869
1723468590,1870,1870
1723468590,1871,1871
1723468590,1872,1872
1723468590,1873,1873
1723468590,1874,1874
1723468590,1875,1875
1723468590,1876,1876
1723468590,1877,1877
1723468590,1878,1878
1723468591,1879,1879
1723468591,1880,1880
1723468591,1881,1881
1723468591,1882,1882
1723468591,1883,1883
1723468591,1884,1884
1723468591,1885,1885
1723468591,1886,1886
1723468591,1887,1887
1723468591,1888,1888
1723468591,1889,1889
1723468591,1890,1890
1723468591,1891,1891
1723468591,1892,1892
1723468591,1893,1893
1723468591,1894,1894
1723468591,1895,1895
1723468591,1896,1896
1723468591,1897,1897
1723468591,1898,1898
1723468591,1899,1899
1723468591,1900,1900
1723468591,1901,1901
1723468591,1902,1902
1723468591,1903,1903
1723468591,1904,1904
1723468591,1905,1905
1723468591,1906,1906
1723468591,1907,1907
1723468591,1908,1908
1723468591,1909,1909
1723468591,1910,1910
1723468591,1911,1911
1723468591,1912,1912
1723468591,1913,1913
1723468591,1914,1914
1723468591,1915,1915
1723468591,1916,1916
1723468591,1917,1917
1723468591,1918,1918
1723468591,1919,1919
1723468591,1920,1920
1723468591,1921,1921
1723468591,1922,1922
1723468591,1923,1923
1723468591,1924,1924
1723468591,1925,1925
1723468591,1926,1926
1723468591,1927,1927
1723468591,1928,1928
1723468591,1929,1929
1723468591,1930,1930
1723468591,1931,1931
1723468591,1932,1932
1723468591,1933,1933
1723468591,1934,1934
1723468591,1935,1935
1723468591,1936,1936
1723468591,1937,1937
1723468591,1938,1938
1723468591,1939,1939
1723468591,1940,1940
1723468591,1941,1941
1723468591,1942,1942
1723468592,1943,1943
1723468592,1944,1944
1723468592,1945,1945
1723468592,1946,1946
1723468592,1947,1947
1723468592,1948,1948
1723468592,1949,1949
1723468592,1950,1950
1723468592,1951,1951
1723468592,1952,1952
1723468592,1953,1953
1723468592,1954,1954
1723468592,1955,1955
1723468592,1956,1956
1723468592,1957,1957
1723468592,1958,1958
1723468592,1959,1959
1723468592,1960,1960
1723468592,1961,1961
1723468592,1962,1962
1723468592,1963,1963
1723468592,1964,1964
1723468592,1965,1965
1723468592,1966,1966
1723468592,1967,1967
1723468592,1968,1968
1723468592,1969,1969
1723468592,1970,1970
1723468592,1971,1971
1723468592,1972,1972
1723468592,1973,1973
1723468592,1974,1974
1723468592,1975,1975
1723468592,1976,1976
1723468592,1977,1977
1723468592,1978,1978
1723468592,1979,1979
1723468592,1980,1980
1723468592,1981,1981
1723468592,1982,1982
1723468592,1983,1983
1723468592,1984,1984
1723468592,1985,1985
1723468592,1986,1986
1723468592,1987,1987
1723468592,1988,1988
1723468592,1989,1989
1723468592,1990,1990
1723468592,1991,1991
1723468592,1992,1992
1723468592,1993,1993
1723468592,1994,1994
1723468592,1995,1995
1723468592,1996,1996
1723468592,1997,1997
1723468592,1998,1998
1723468592,1999,1999
1723468592,2000,2000
1723468592,2001,2001
1723468592,2002,2002
1723468592,2003,2003
1723468592,2004,2004
1723468592,2005,2005
1723468593,2006,2006
1723468593,2007,2007
1723468593,2008,2008
1723468593,2009,2009
1723468593,2010,2010
1723468593,2011,2011
1723468593,2012,2012
1723468593,2013,2013
1723468593,2014,2014
1723468593,2015,2015
1723468593,2016,2016
1723468593,2017,2017
1723468593,2018,2018
1723468593,2019,2019
1723468593,2020,2020
1723468593,2021,2021
1723468593,2022,2022
1723468593,2023,2023
1723468593,2024,2024
1723468593,2025,2025
1723468593,2026,2026
1723468593,2027,2027
1723468593,2028,2028
1723468593,2029,2029
1723468593,2030,2030
1723468593,2031,2031
1723468593,2032,2032
1723468593,2033,2033
1723468593,2034,2034
1723468593,2035,2035
1723468593,2036,2036
1723468593,2037,2037
1723468593,2038,2038
1723468593,2039,2039
1723468593,2040,2040
1723468593,2041,2041
1723468593,2042,2042
1723468593,2043,2043
1723468593,2044,2044
1723468593,2045,2045
1723468593,2046,2046
1723468593,2047,2047
1723468593,2048,2048
1723468593,2049,2049
1723468593,2050,2050
1723468593,2051,2051
1723468593,2052,2052
1723468593,2053,2053
1723468593,2054,2054
1723468593,2055,2055
1723468593,2056,2056
1723468593,2057,2057
1723468593,2058,2058
1723468593,2059,2059
1723468593,2060,2060
1723468593,2061,2061
1723468593,2062,2062
1723468593,2063,2063
1723468593,2064,2064
1723468593,2065,2065
1723468593,2066,2066
1723468593,2067,2067
1723468593,2068,2068
1723468593,2069,2069
1723468593,2070,2070
1723468593,2071,2071
1723468593,2072,2072
1723468593,2073,2073
1723468593,2074,2074
1723468593,2075,2075
1723468593,2076,2076
1723468593,2077,2077
1723468593,2078,2078
1723468593,2079,2079
1723468593,2080,2080
1723468593,2081,2081
1723468593,2082,2082
1723468593,2083,2083
1723468593,2084,2084
1723468594,2085,2085
1723468594,2086,2086
1723468594,2087,2087
1723468594,2088,2088
1723468594,2089,2089
1723468594,2090,2090
1723468594,2091,2091
1723468594,2092,2092
1723468594,2093,2093
1723468594,2094,2094
1723468594,2095,2095
1723468594,2096,2096
1723468594,2097,2097
1723468594,2098,2098
1723468594,2099,2099
1723468594,2100,2100
1723468594,2101,2101
1723468594,2102,2102
1723468594,2103,2103
1723468594,2104,2104
1723468594,2105,2105
1723468594,2106,2106
1723468594,2107,2107
1723468594,2108,2108
1723468594,2109,2109
1723468594,2110,2110
1723468594,2111,2111
1723468594,2112,2112
1723468594,2113,2113
1723468594,2114,2114
1723468594,2115,2115
1723468594,2116,2116
1723468594,2117,2117
1723468594,2118,2118
1723468594,2119,2119
1723468594,2120,2120
1723468594,2121,2121
1723468594,2122,2122
1723468594,2123,2123
1723468594,2124,2124
1723468594,2125,2125
1723468594,2126,2126
1723468594,2127,2127
1723468594,2128,2128
1723468594,2129,2129
1723468594,2130,2130
1723468594,2131,2131
1723468594,2132,2132
1723468594,2133,2133
1723468594,2134,2134
1723468594,2135,2135
1723468594,2136,2136
1723468594,2137,2137
1723468594,2138,2138
1723468594,2139,2139
1723468594,2140,2140
1723468594,2141,2141
1723468594,2142,2142
1723468594,2143,2143
1723468594,2144,2144
1723468594,2145,2145
1723468594,2146,2146
1723468594,2147,2147
1723468594,2148,2148
1723468594,2149,2149
1723468594,2150,2150
1723468594,2151,2151
1723468594,2152,2152
1723468594,2153,2153
1723468594,2154,2154
1723468594,2155,2155
1723468594,2156,2156
1723468594,2157,2157
1723468594,2158,2158
1723468594,2159,2159
1723468594,2160,2160
1723468594,2161,2161
1723468594,2162,2162
1723468594,2163,2163
1723468594,2164,2164
1723468595,2165,2165
1723468595,2166,2166
1723468595,2167,2167
1723468595,2168,2168
1723468595,2169,2169
1723468595,2170,2170
1723468595,2171,2171
1723468595,2172,2172
1723468595,2173,2173
1723468595,2174,2174
1723468595,2175,2175
1723468595,2176,2176
1723468595,2177,2177
1723468595,2178,2178
1723468595,2179,2179
1723468595,2180,2180
1723468595,2181,2181
1723468595,2182,2182
1723468595,2183,2183
1723468595,2184,2184
1723468595,2185,2185
1723468595,2186,2186
1723468595,2187,2187
1723468595,2188,2188
1723468595,2189,2189
1723468595,2190,2190
1723468595,2191,2191
1723468595,2192,2192
1723468595,2193,2193
1723468595,2194,2194
1723468595,2195,2195
1723468595,2196,2196
1723468595,2197,2197
1723468595,2198,2198
1723468595,2199,2199
1723468595,2200,2200
1723468595,2201,2201
1723468595,2202,2202
1723468595,2203,2203
1723468595,2204,2204
1723468595,2205,2205
1723468595,2206,2206
1723468595,2207,2207
1723468595,2208,2208
1723468595,2209,2209
1723468595,2210,2210
1723468595,2211,2211
1723468595,2212,2212
1723468595,2213,2213
1723468595,2214,2214
1723468595,2215,2215
1723468595,2216,2216
1723468595,2217,2217
1723468595,2218,2218
1723468595,2219,2219
1723468595,2220,2220
1723468595,2221,2221
1723468595,2222,2222
1723468595,2223,2223
1723468595,2224,2224
1723468595,2225,2225
1723468595,2226,2226
1723468595,2227,2227
1723468595,2228,2228
1723468595,2229,2229
1723468596,2230,2230
1723468596,2231,2231
1723468596,2232,2232
1723468596,2233,2233
1723468596,2234,2234
1723468596,2235,2235
1723468596,2236,2236
1723468596,2237,2237
1723468596,2238,2238
1723468596,2239,2239
1723468596,2240,2240
1723468596,2241,2241
1723468596,2242,2242
1723468596,2243,2243
1723468596,2244,2244
1723468596,2245,2245
1723468596,2246,2246
1723468596,2247,2247
1723468596,2248,2248
1723468596,2249,2249
1723468596,2250,2250
1723468596,2251,2251
1723468596,2252,2252
1723468596,2253,2253
1723468596,2254,2254
1723468596,2255,2255
1723468596,2256,2256
1723468596,2257,2257
1723468596,2258,2258
1723468596,2259,2259
1723468596,2260,2260
1723468596,2261,2261
1723468596,2262,2262
1723468596,2263,2263
1723468596,2264,2264
1723468596,2265,2265
1723468596,2266,2266
1723468596,2267,2267
1723468596,2268,2268
1723468596,2269,2269
1723468596,2270,2270
1723468596,2271,2271
1723468596,2272,2272
1723468596,2273,2273
1723468596,2274,2274
1723468596,2275,2275
1723468596,2276,2276
1723468596,2277,2277
1723468596,2278,2278
1723468596,2279,2279
1723468596,2280,2280
1723468596,2281,2281
1723468596,2282,2282
1723468596,2283,2283
1723468596,2284,2284
1723468596,2285,2285
1723468596,2286,2286
1723468596,2287,2287
1723468596,2288,2288
1723468596,2289,2289
1723468596,2290,2290
1723468596,2291,2291
1723468596,2292,2292
1723468596,2293,2293
1723468597,2294,2294
1723468597,2295,2295
1723468597,2296,2296
1723468597,2297,2297
1723468597,2298,2298
1723468597,2299,2299
1723468597,2300,2300
1723468597,2301,2301
1723468597,2302,2302
1723468597,2303,2303
1723468597,2304,2304
1723468597,2305,2305
1723468597,2306,2306
1723468597,2307,2307
1723468597,2308,2308
1723468597,2309,2309
1723468597,2310,2310
1723468597,2311,2311
1723468597,2312,2312
1723468597,2313,2313
1723468597,2314,2314
1723468597,2315,2315
1723468597,2316,2316
1723468597,2317,2317
1723468597,2318,2318
1723468597,2319,2319
1723468597,2320,2320
1723468597,2321,2321
1723468597,2322,2322
1723468597,2323,2323
1723468597,2324,2324
1723468597,2325,2325
1723468597,2326,2326
1723468597,2327,2327
1723468597,2328,2328
1723468597,2329,2329
1723468597,2330,2330
1723468597,2331,2331
1723468597,2332,2332
1723468597,2333,2333
1723468597,2334,2334
1723468597,2335,2335
1723468597,2336,2336
1723468597,2337,2337
1723468597,2338,2338
1723468597,2339,2339
1723468597,2340,2340
1723468597,2341,2341
1723468597,2342,2342
1723468597,2343,2343
1723468597,2344,2344
1723468597,2345,2345
1723468597,2346,2346
1723468597,2347,2347
1723468597,2348,2348
1723468597,2349,2349
1723468597,2350,2350
1723468597,2351,2351
1723468597,2352,2352
1723468597,2353,2353
1723468597,2354,2354
1723468597,2355,2355
1723468597,2356,2356
1723468597,2357,2357
1723468597,2358,2358
1723468597,2359,2359
1723468597,2360,2360
1723468597,2361,2361
1723468597,2362,2362
1723468597,2363,2363
1723468597,2364,2364
1723468597,2365,2365
1723468597,2366,2366
1723468597,2367,2367
1723468597,2368,2368
1723468597,2369,2369
1723468597,2370,2370
1723468597,2371,2371
1723468598,2372,2372
1723468598,2373,2373
1723468598,2374,2374
1723468598,2375,2375
1723468598,2376,2376
1723468598,2377,2377
1723468598,2378,2378
1723468598,2379,2379
1723468598,2380,2380
1723468598,2381,2381
1723468598,2382,2382
1723468598,2383,2383
1723468598,2384,2384
1723468598,2385,2385
1723468598,2386,2386
1723468598,2387,2387
1723468598,2388,2388
1723468598,2389,2389
1723468598,2390,2390
1723468598,2391,2391
1723468598,2392,2392
1723468598,2393,2393
1723468598,2394,2394
1723468598,2395,2395
1723468598,2396,2396
1723468598,2397,2397
1723468598,2398,2398
1723468598,2399,2399
1723468598,2400,2400
1723468598,2401,2401
1723468598,2402,2402
1723468598,2403,2403
1723468598,2404,2404
1723468598,2405,2405
1723468598,2406,2406
1723468598,2407,2407
1723468598,2408,2408
1723468598,2409,2409
1723468598,2410,2410
1723468598,2411,2411
1723468598,2412,2412
1723468598,2413,2413
1723468598,2414,2414
1723468598,2415,2415
1723468598,2416,2416
1723468598,2417,2417
1723468598,2418,2418
1723468598,2419,2419
1723468598,2420,2420
1723468598,2421,2421
1723468598,2422,2422
1723468598,2423,2423
1723468598,2424,2424
1723468598,2425,2425
1723468598,2426,2426
1723468598,2427,2427
1723468598,2428,2428
1723468598,2429,2429
1723468598,2430,2430
1723468598,2431,2431
1723468598,2432,2432
1723468598,2433,2433
1723468598,2434,2434
1723468598,2435,2435
1723468598,2436,2436
1723468598,2437,2437
1723468598,2438,2438
1723468598,2439,2439
1723468598,2440,2440
1723468598,2441,2441
1723468598,2442,2442
1723468598,2443,2443
1723468598,2444,2444
1723468599,2445,2445
1723468599,2446,2446
1723468599,2447,2447
1723468599,2448,2448
1723468599,2449,2449
1723468599,2450,2450
1723468599,2451,2451
1723468599,2452,2452
1723468599,2453,2453
1723468599,2454,2454
1723468599,2455,2455
1723468599,2456,2456
1723468599,2457,2457
1723468599,2458,2458
1723468599,2459,2459
1723468599,2460,2460
1723468599,2461,2461
1723468599,2462,2462
1723468599,2463,2463
1723468599,2464,2464
1723468599,2465,2465
1723468599,2466,2466
1723468599,2467,2467
1723468599,2468,2468
1723468599,2469,2469
1723468599,2470,2470
1723468599,2471,2471
1723468599,2472,2472
1723468599,2473,2473
1723468599,2474,2474
1723468599,2475,2475
1723468599,2476,2476
1723468599,2477,2477
1723468599,2478,2478
1723468599,2479,2479
1723468599,2480,2480
1723468599,2481,2481
1723468599,2482,2482
1723468599,2483,2483
1723468599,2484,2484
1723468599,2485,2485
1723468599,2486,2486
1723468599,2487,2487
1723468599,2488,2488
1723468599,2489,2489
1723468599,2490,2490
1723468599,2491,2491
1723468599,2492,2492
1723468599,2493,2493
1723468599,2494,2494
1723468599,2495,2495
1723468599,2496,2496
1723468599,2497,2497
1723468599,2498,2498
1723468599,2499,2499
1723468599,2500,2500
1723468599,2501,2501
1723468599,2502,2502
1723468599,2503,2503
1723468600,2504,2504
1723468600,2505,2505
1723468600,2506,2506
1723468600,2507,2507
1723468600,2508,2508
1723468600,2509,2509
1723468600,2510,2510
1723468600,2511,2511
1723468600,2512,2512
1723468600,2513,2513
1723468600,2514,2514
1723468600,2515,2515
1723468600,2516,2516
1723468600,2517,2517
1723468600,2518,2518
1723468600,2519,2519
1723468600,2520,2520
1723468600,2521,2521
1723468600,2522,2522
1723468600,2523,2523
1723468600,2524,2524
1723468600,2525,2525
1723468600,2526,2526
1723468600,2527,2527
1723468600,2528,2528
1723468600,2529,2529
1723468600,2530,2530
1723468600,2531,2531
1723468600,2532,2532
1723468600,2533,2533
1723468600,2534,2534
1723468600,2535,2535
1723468600,2536,2536
1723468600,2537,2537
1723468600,2538,2538
1723468600,2539,2539
1723468600,2540,2540
1723468600,2541,2541
1723468600,2542,2542
1723468600,2543,2543
1723468600,2544,2544
1723468600,2545,2545
1723468600,2546,2546
1723468600,2547,2547
1723468600,2548,2548
1723468600,2549,2549
1723468600,2550,2550
1723468600,2551,2551
1723468600,2552,2552
1723468600,2553,2553
1723468600,2554,2554
1723468600,2555,2555
1723468600,2556,2556
1723468600,2557,2557
1723468600,2558,2558
1723468600,2559,2559
1723468600,2560,2560
1723468600,2561,2561
1723468600,2562,2562
1723468600,2563,2563
1723468600,2564,2564
1723468600,2565,2565
1723468600,2566,2566
1723468600,2567,2567
1723468600,2568,2568
1723468600,2569,2569
1723468600,2570,2570
1723468600,2571,2571
1723468600,2572,2572
1723468600,2573,2573
1723468600,2574,2574
1723468600,2575,2575
1723468600,2576,2576
1723468600,2577,2577
1723468601,2578,2578
1723468601,2579,2579
1723468601,2580,2580
1723468601,2581,2581
1723468601,2582,2582
1723468601,2583,2583
1723468601,2584,2584
1723468601,2585,2585
1723468601,2586,2586
1723468601,2587,2587
1723468601,2588,2588
1723468601,2589,2589
1723468601,2590,2590
1723468601,2591,2591
1723468601,2592,2592
1723468601,2593,2593
1723468601,2594,2594
1723468601,2595,2595
1723468601,2596,2596
1723468601,2597,2597
1723468601,2598,2598
1723468601,2599,2599
1723468601,2600,2600
1723468601,2601,2601
1723468601,2602,2602
1723468601,2603,2603
1723468601,2604,2604
1723468601,2605,2605
1723468601,2606,2606
1723468601,2607,2607
1723468601,2608,2608
1723468601,2609,2609
1723468601,2610,2610
1723468601,2611,2611
1723468601,2612,2612
1723468601,2613,2613
1723468601,2614,2614
1723468601,2615,2615
1723468601,2616,2616
1723468601,2617,2617
1723468601,2618,2618
1723468601,2619,2619
1723468601,2620,2620
1723468601,2621,2621
1723468601,2622,2622
1723468601,2623,2623
1723468601,2624,2624
1723468601,2625,2625
1723468601,2626,2626
1723468601,2627,2627
1723468601,2628,2628
1723468601,2629,2629
1723468601,2630,2630
1723468601,2631,2631
1723468601,2632,2632
1723468601,2633,2633
1723468601,2634,2634
1723468601,2635,2635
1723468601,2636,2636
1723468601,2637,2637
1723468601,2638,2638
1723468601,2639,2639
1723468601,2640,2640
1723468601,2641,2641
1723468601,2642,2642
1723468601,2643,2643
1723468601,2644,2644
1723468601,2645,2645
1723468601,2646,2646
1723468601,2647,2647
1723468601,2648,2648
1723468601,2649,2649
1723468601,2650,2650
1723468602,2651,2651
1723468602,2652,2652
1723468602,2653,2653
1723468602,2654,2654
1723468602,2655,2655
1723468602,2656,2656
1723468602,2657,2657
1723468602,2658,2658
1723468602,2659,2659
1723468602,2660,2660
1723468602,2661,2661
1723468602,2662,2662
1723468602,2663,2663
1723468602,2664,2664
1723468602,2665,2665
1723468602,2666,2666
1723468602,2667,2667
1723468602,2668,2668
1723468602,2669,2669
1723468602,2670,2670
1723468602,2671,2671
1723468602,2672,2672
1723468602,2673,2673
1723468602,2674,2674
1723468602,2675,2675
1723468602,2676,2676
1723468602,2677,2677
1723468602,2678,2678
1723468602,2679,2679
1723468602,2680,2680
1723468602,2681,2681
1723468602,2682,2682
1723468602,2683,2683
1723468602,2684,2684
1723468602,2685,2685
1723468602,2686,2686
1723468602,2687,2687
1723468602,2688,2688
1723468602,2689,2689
1723468602,2690,2690
1723468602,2691,2691
1723468602,2692,2692
1723468602,2693,2693
1723468602,2694,2694
1723468602,2695,2695
1723468602,2696,2696
1723468602,2697,2697
1723468602,2698,2698
1723468602,2699,2699
1723468602,2700,2700
1723468602,2701,2701
1723468602,2702,2702
1723468602,2703,2703
1723468602,2704,2704
1723468602,2705,2705
1723468602,2706,2706
1723468602,2707,2707
1723468602,2708,2708
1723468602,2709,2709
1723468602,2710,2710
1723468602,2711,2711
1723468602,2712,2712
1723468602,2713,2713
1723468602,2714,2714
1723468602,2715,2715
1723468602,2716,2716
1723468602,2717,2717
1723468602,2718,2718
1723468602,2719,2719
1723468602,2720,2720
1723468602,2721,2721
1723468602,2722,2722
1723468602,2723,2723
1723468602,2724,2724
1723468602,2725,2725
1723468602,2726,2726
1723468603,2727,2727
1723468603,2728,2728
1723468603,2729,2729
1723468603,2730,2730
1723468603,2731,2731
1723468603,2732,2732
1723468603,2733,2733
1723468603,2734,2734
1723468603,2735,2735
1723468603,2736,2736
1723468603,2737,2737
1723468603,2738,2738
1723468603,2739,2739
1723468603,2740,2740
1723468603,2741,2741
1723468603,2742,2742
1723468603,2743,2743
1723468603,2744,2744
1723468603,2745,2745
1723468603,2746,2746
1723468603,2747,2747
1723468603,2748,2748
1723468603,2749,2749
1723468603,2750,2750
1723468603,2751,2751
1723468603,2752,2752
1723468603,2753,2753
1723468603,2754,2754
1723468603,2755,2755
1723468603,2756,2756
1723468603,2757,2757
1723468603,2758,2758
1723468603,2759,2759
1723468603,2760,2760
1723468603,2761,2761
1723468603,2762,2762
1723468603,2763,2763
1723468603,2764,2764
1723468603,2765,2765
1723468603,2766,2766
1723468603,2767,2767
1723468603,2768,2768
1723468603,2769,2769
1723468603,2770,2770
1723468603,2771,2771
1723468603,2772,2772
1723468603,2773,2773
1723468603,2774,2774
1723468603,2775,2775
1723468603,2776,2776
1723468603,2777,2777
1723468603,2778,2778
1723468603,2779,2779
1723468603,2780,2780
1723468603,2781,2781
1723468603,2782,2782
1723468603,2783,2783
1723468603,2784,2784
1723468603,2785,2785
1723468603,2786,2786
1723468603,2787,2787
1723468603,2788,2788
1723468603,2789,2789
1723468603,2790,2790
1723468603,2791,2791
1723468603,2792,2792
1723468604,2793,2793
1723468604,2794,2794
1723468604,2795,2795
1723468604,2796,2796
1723468604,2797,2797
1723468604,2798,2798
1723468604,2799,2799
1723468604,2800,2800
1723468604,2801,2801
1723468604,2802,2802
1723468604,2803,2803
1723468604,2804,2804
1723468604,2805,2805
1723468604,2806,2806
1723468604,2807,2807
1723468604,2808,2808
1723468604,2809,2809
1723468604,2810,2810
1723468604,2811,2811
1723468604,2812,2812
1723468604,2813,2813
1723468604,2814,2814
1723468604,2815,2815
1723468604,2816,2816
1723468604,2817,2817
1723468604,2818,2818
1723468604,2819,2819
1723468604,2820,2820
1723468604,2821,2821
1723468604,2822,2822
1723468604,2823,2823
1723468604,2824,2824
1723468604,2825,2825
1723468604,2826,2826
1723468604,2827,2827
1723468604,2828,2828
1723468604,2829,2829
1723468604,2830,2830
1723468604,2831,2831
1723468604,2832,2832
1723468604,2833,2833
1723468604,2834,2834
1723468604,2835,2835
1723468604,2836,2836
1723468604,2837,2837
1723468604,2838,2838
1723468604,2839,2839
1723468604,2840,2840
1723468604,2841,2841
1723468604,2842,2842
1723468604,2843,2843
1723468604,2844,2844
1723468604,2845,2845
1723468604,2846,2846
1723468604,2847,2847
1723468604,2848,2848
1723468604,2849,2849
1723468604,2850,2850
1723468604,2851,2851
1723468604,2852,2852
1723468604,2853,2853
1723468604,2854,2854
1723468604,2855,2855
1723468604,2856,2856
1723468604,2857,2857
1723468604,2858,2858
1723468604,2859,2859
1723468604,2860,2860
1723468605,2861,2861
1723468605,2862,2862
1723468605,2863,2863
1723468605,2864,2864
1723468605,2865,2865
1723468605,2866,2866
1723468605,2867,2867
1723468605,2868,2868
1723468605,2869,2869
1723468605,2870,2870
1723468605,2871,2871
1723468605,2872,2872
1723468605,2873,2873
1723468605,2874,2874
1723468605,2875,2875
1723468605,2876,2876
1723468605,2877,2877
1723468605,2878,2878
1723468605,2879,2879
1723468605,2880,2880
1723468605,2881,2881
1723468605,2882,2882
1723468605,2883,2883
1723468605,2884,2884
1723468605,2885,2885
1723468605,2886,2886
1723468605,2887,2887
1723468605,2888,2888
1723468605,2889,2889
1723468605,2890,2890
1723468605,2891,2891
1723468605,2892,2892
1723468605,2893,2893
1723468605,2894,2894
1723468605,2895,2895
1723468605,2896,2896
1723468605,2897,2897
1723468605,2898,2898
1723468605,2899,2899
1723468605,2900,2900
1723468605,2901,2901
1723468605,2902,2902
1723468605,2903,2903
1723468605,2904,2904
1723468605,2905,2905
1723468605,2906,2906
1723468605,2907,2907
1723468605,2908,2908
1723468605,2909,2909
1723468605,2910,2910
1723468605,2911,2911
1723468605,2912,2912
1723468605,2913,2913
1723468605,2914,2914
1723468605,2915,2915
1723468605,2916,2916
1723468605,2917,2917
1723468605,2918,2918
1723468605,2919,2919
1723468605,2920,2920
1723468605,2921,2921
1723468605,2922,2922
1723468605,2923,2923
1723468605,2924,2924
1723468605,2925,2925
1723468605,2926,2926
1723468605,2927,2927
1723468605,2928,2928
1723468605,2929,2929
1723468605,2930,2930
1723468605,2931,2931
1723468605,2932,2932
1723468605,2933,2933
1723468605,2934,2934
1723468605,2935,2935
1723468605,2936,2936
1723468606,2937,2937
1723468606,2938,2938
1723468606,2939,2939
1723468606,2940,2940
1723468606,2941,2941
1723468606,2942,2942
1723468606,2943,2943
1723468606,2944,2944
1723468606,2945,2945
1723468606,2946,2946
1723468606,2947,2947
1723468606,2948,2948
1723468606,2949,2949
1723468606,2950,2950
1723468606,2951,2951
1723468606,2952,2952
1723468606,2953,2953
1723468606,2954,2954
1723468606,2955,2955
1723468606,2956,2956
1723468606,2957,2957
1723468606,2958,2958
1723468606,2959,2959
1723468606,2960,2960
1723468606,2961,2961
1723468606,2962,2962
1723468606,2963,2963
1723468606,2964,2964
1723468606,2965,2965
1723468606,2966,2966
1723468606,2967,2967
1723468606,2968,2968
1723468606,2969,2969
1723468606,2970,2970
1723468606,2971,2971
1723468606,2972,2972
1723468606,2973,2973
1723468606,2974,2974
1723468606,2975,2975
1723468606,2976,2976
1723468606,2977,2977
1723468606,2978,2978
1723468606,2979,2979
1723468606,2980,2980
1723468606,2981,2981
1723468606,2982,2982
1723468606,2983,2983
1723468606,2984,2984
1723468606,2985,2985
1723468606,2986,2986
1723468606,2987,2987
1723468606,2988,2988
1723468606,2989,2989
1723468606,2990,2990
1723468606,2991,2991
1723468606,2992,2992
1723468606,2993,2993
1723468606,2994,2994
1723468606,2995,2995
1723468607,2996,2996
1723468607,2997,2997
1723468607,2998,2998
1723468607,2999,2999
1723468607,3000,3000
1723468607,3001,3001
1723468607,3002,3002
1723468607,3003,3003
1723468607,3004,3004
1723468607,3005,3005
1723468607,3006,3006
1723468607,3007,3007
1723468607,3008,3008
1723468607,3009,3009
1723468607,3010,3010
1723468607,3011,3011
1723468607,3012,3012
1723468607,3013,3013
1723468607,3014,3014
1723468607,3015,3015
1723468607,3016,3016
1723468607,3017,3017
1723468607,3018,3018
1723468607,3019,3019
1723468607,3020,3020
1723468607,3021,3021
1723468607,3022,3022
1723468607,3023,3023
1723468607,3024,3024
1723468607,3025,3025
1723468607,3026,3026
1723468607,3027,3027
1723468607,3028,3028
1723468607,3029,3029
1723468607,3030,3030
1723468607,3031,3031
1723468607,3032,3032
1723468607,3033,3033
1723468607,3034,3034
1723468607,3035,3035
1723468607,3036,3036
1723468607,3037,3037
1723468607,3038,3038
1723468607,3039,3039
1723468607,3040,3040
1723468607,3041,3041
1723468607,3042,3042
1723468607,3043,3043
1723468607,3044,3044
1723468607,3045,3045
1723468607,3046,3046
1723468607,3047,3047
1723468607,3048,3048
1723468607,3049,3049
1723468607,3050,3050
1723468607,3051,3051
1723468607,3052,3052
1723468607,3053,3053
1723468607,3054,3054
1723468607,3055,3055
1723468607,3056,3056
1723468607,3057,3057
1723468607,3058,3058
1723468607,3059,3059
1723468607,3060,3060
1723468607,3061,3061
1723468607,3062,3062
1723468607,3063,3063
1723468608,3064,3064
1723468608,3065,3065
1723468608,3066,3066
1723468608,3067,3067
1723468608,3068,3068
1723468608,3069,3069
1723468608,3070,3070
1723468608,3071,3071
1723468608,3072,3072
1723468608,3073,3073
1723468608,3074,3074
1723468608,3075,3075
1723468608,3076,3076
1723468608,3077,3077
1723468608,3078,3078
1723468608,3079,3079
1723468608,3080,3080
1723468608,3081,3081
1723468608,3082,3082
1723468608,3083,3083
1723468608,3084,3084
1723468608,3085,3085
1723468608,3086,3086
1723468608,3087,3087
1723468608,3088,3088
1723468608,3089,3089
1723468608,3090,3090
1723468608,3091,3091
1723468608,3092,3092
1723468608,3093,3093
1723468608,3094,3094
1723468608,3095,3095
1723468608,3096,3096
1723468608,3097,3097
1723468608,3098,3098
1723468608,3099,3099
1723468608,3100,3100
1723468608,3101,3101
1723468608,3102,3102
1723468608,3103,3103
1723468608,3104,3104
1723468608,3105,3105
1723468608,3106,3106
1723468608,3107,3107
1723468608,3108,3108
1723468608,3109,3109
1723468608,3110,3110
1723468608,3111,3111
1723468608,3112,3112
1723468608,3113,3113
1723468608,3114,3114
1723468608,3115,3115
1723468608,3116,3116
1723468608,3117,3117
1723468608,3118,3118
1723468608,3119,3119
1723468608,3120,3120
1723468608,3121,3121
1723468608,3122,3122
1723468608,3123,3123
1723468608,3124,3124
1723468608,3125,3125
1723468608,3126,3126
1723468608,3127,3127
1723468608,3128,3128
1723468608,3129,3129
1723468608,3130,3130
1723468608,3131,3131
1723468608,3132,3132
1723468608,3133,3133
1723468608,3134,3134
1723468608,3135,3135
1723468608,3136,3136
1723468608,3137,3137
1723468608,3138,3138
1723468608,3139,3139
1723468608,3140,3140
1723468609,3141,3141
1723468609,3142,3142
1723468609,3143,3143
1723468609,3144,3144
1723468609,3145,3145
1723468609,3146,3146
1723468609,3147,3147
1723468609,3148,3148
1723468609,3149,3149
1723468609,3150,3150
1723468609,3151,3151
1723468609,3152,3152
1723468609,3153,3153
1723468609,3154,3154
1723468609,3155,3155
1723468609,3156,3156
1723468609,3157,3157
1723468609,3158,3158
1723468609,3159,3159
1723468609,3160,3160
1723468609,3161,3161
1723468609,3162,3162
1723468609,3163,3163
1723468609,3164,3164
1723468609,3165,3165
1723468609,3166,3166
1723468609,3167,3167
1723468609,3168,3168
1723468609,3169,3169
1723468609,3170,3170
1723468609,3171,3171
1723468609,3172,3172
1723468609,3173,3173
1723468609,3174,3174
1723468609,3175,3175
1723468609,3176,3176
1723468609,3177,3177
1723468609,3178,3178
1723468609,3179,3179
1723468609,3180,3180
1723468609,3181,3181
1723468609,3182,3182
1723468609,3183,3183
1723468609,3184,3184
1723468609,3185,3185
1723468609,3186,3186
1723468609,3187,3187
1723468609,3188,3188
1723468609,3189,3189
1723468609,3190,3190
1723468609,3191,3191
1723468609,3192,3192
1723468609,3193,3193
1723468609,3194,3194
1723468609,3195,3195
1723468609,3196,3196
1723468609,3197,3197
1723468609,3198,3198
1723468609,3199,3199
1723468609,3200,3200
1723468609,3201,3201
1723468609,3202,3202
1723468609,3203,3203
1723468609,3204,3204
1723468609,3205,3205
1723468610,3206,3206
1723468610,3207,3207
1723468610,3208,3208
1723468610,3209,3209
1723468610,3210,3210
1723468610,3211,3211
1723468610,3212,3212
1723468610,3213,3213
1723468610,3214,3214
1723468610,3215,3215
1723468610,3216,3216
1723468610,3217,3217
1723468610,3218,3218
1723468610,3219,3219
1723468610,3220,3220
1723468610,3221,3221
1723468610,3222,3222
1723468610,3223,3223
1723468610,3224,3224
1723468610,3225,3225
1723468610,3226,3226
1723468610,3227,3227
1723468610,3228,3228
1723468610,3229,3229
1723468610,3230,3230
1723468610,3231,3231
1723468610,3232,3232
1723468610,3233,3233
1723468610,3234,3234
1723468610,3235,3235
1723468610,3236,3236
1723468610,3237,3237
1723468610,3238,3238
1723468610,3239,3239
1723468610,3240,3240
1723468610,3241,3241
1723468610,3242,3242
1723468610,3243,3243
1723468610,3244,3244
1723468610,3245,3245
1723468610,3246,3246
1723468610,3247,3247
1723468610,3248,3248
1723468610,3249,3249
1723468610,3250,3250
1723468610,3251,3251
1723468610,3252,3252
1723468610,3253,3253
1723468610,3254,3254
1723468610,3255,3255
1723468610,3256,3256
1723468610,3257,3257
1723468610,3258,3258
1723468610,3259,3259
1723468610,3260,3260
1723468610,3261,3261
1723468610,3262,3262
1723468610,3263,3263
1723468610,3264,3264
1723468610,3265,3265
1723468610,3266,3266
1723468610,3267,3267
1723468610,3268,3268
1723468610,3269,3269
1723468610,3270,3270
1723468610,3271,3271
1723468610,3272,3272
1723468610,3273,3273
1723468610,3274,3274
1723468610,3275,3275
1723468610,3276,3276
1723468610,3277,3277
1723468610,3278,3278
1723468610,3279,3279
1723468610,3280,3280
1723468610,3281,3281
1723468610,3282,3282
1723468610,3283,3283
1723468611,3284,3284
1723468611,3285,3285
1723468611,3286,3286
1723468611,3287,3287
1723468611,3288,3288
1723468611,3289,3289
1723468611,3290,3290
1723468611,3291,3291
1723468611,3292,3292
1723468611,3293,3293
1723468611,3294,3294
1723468611,3295,3295
1723468611,3296,3296
1723468611,3297,3297
1723468611,3298,3298
1723468611,3299,3299
1723468611,3300,3300
1723468611,3301,3301
1723468611,3302,3302
1723468611,3303,3303
1723468611,3304,3304
1723468611,3305,3305
1723468611,3306,3306
1723468611,3307,3307
1723468611,3308,3308
1723468611,3309,3309
1723468611,3310,3310
1723468611,3311,3311
1723468611,3312,3312
1723468611,3313,3313
1723468611,3314,3314
1723468611,3315,3315
1723468611,3316,3316
1723468611,3317,3317
1723468611,3318,3318
1723468611,3319,3319
1723468611,3320,3320
1723468611,3321,3321
1723468611,3322,3322
1723468611,3323,3323
1723468611,3324,3324
1723468611,3325,3325
1723468611,3326,3326
1723468611,3327,3327
1723468611,3328,3328
1723468611,3329,3329
1723468611,3330,3330
1723468611,3331,3331
1723468611,3332,3332
1723468611,3333,3333
1723468611,3334,3334
1723468611,3335,3335
1723468611,3336,3336
1723468611,3337,3337
1723468611,3338,3338
1723468611,3339,3339
1723468611,3340,3340
1723468611,3341,3341
1723468611,3342,3342
1723468611,3343,3343
1723468611,3344,3344
1723468611,3345,3345
1723468611,3346,3346
1723468611,3347,3347
1723468611,3348,3348
1723468611,3349,3349
1723468611,3350,3350
1723468611,3351,3351
1723468611,3352,3352
1723468611,3353,3353
1723468612,3354,3354
1723468612,3355,3355
1723468612,3356,3356
1723468612,3357,3357
1723468612,3358,3358
1723468612,3359,3359
1723468612,3360,3360
1723468612,3361,3361
1723468612,3362,3362
1723468612,3363,3363
1723468612,3364,3364
1723468612,3365,3365
1723468612,3366,3366
1723468612,3367,3367
1723468612,3368,3368
1723468612,3369,3369
1723468612,3370,3370
1723468612,3371,3371
1723468612,3372,3372
1723468612,3373,3373
1723468612,3374,3374
1723468612,3375,3375
1723468612,3376,3376
1723468612,3377,3377
1723468612,3378,3378
1723468612,3379,3379
1723468612,3380,3380
1723468612,3381,3381
1723468612,3382,3382
1723468612,3383,3383
1723468612,3384,3384
1723468612,3385,3385
1723468612,3386,3386
1723468612,3387,3387
1723468612,3388,3388
1723468612,3389,3389
1723468612,3390,3390
1723468612,3391,3391
1723468612,3392,3392
1723468612,3393,3393
1723468612,3394,3394
1723468612,3395,3395
1723468612,3396,3396
1723468612,3397,3397
1723468612,3398,3398
1723468612,3399,3399
1723468612,3400,3400
1723468612,3401,3401
1723468612,3402,3402
1723468612,3403,3403
1723468612,3404,3404
1723468612,3405,3405
1723468612,3406,3406
1723468612,3407,3407
1723468612,3408,3408
1723468612,3409,3409
1723468612,3410,3410
1723468612,3411,3411
1723468612,3412,3412
1723468612,3413,3413
1723468612,3414,3414
1723468612,3415,3415
1723468612,3416,3416
1723468612,3417,3417
1723468612,3418,3418
1723468612,3419,3419
1723468612,3420,3420
1723468612,3421,3421
1723468612,3422,3422
1723468612,3423,3423
1723468612,3424,3424
1723468613,3425,3425
1723468613,3426,3426
1723468613,3427,3427
1723468613,3428,3428
1723468613,3429,3429
1723468613,3430,3430
1723468613,3431,3431
1723468613,3432,3432
1723468613,3433,3433
1723468613,3434,3434
1723468613,3435,3435
1723468613,3436,3436
1723468613,3437,3437
1723468613,3438,3438
1723468613,3439,3439
1723468613,3440,3440
1723468613,3441,3441
1723468613,3442,3442
1723468613,3443,3443
1723468613,3444,3444
1723468613,3445,3445
1723468613,3446,3446
1723468613,3447,3447
1723468613,3448,3448
1723468613,3449,3449
1723468613,3450,3450
1723468613,3451,3451
1723468613,3452,3452
1723468613,3453,3453
1723468613,3454,3454
1723468613,3455,3455
1723468613,3456,3456
1723468613,3457,3457
1723468613,3458,3458
1723468613,3459,3459
1723468613,3460,3460
1723468613,3461,3461
1723468613,3462,3462
1723468613,3463,3463
1723468613,3464,3464
1723468613,3465,3465
1723468613,3466,3466
1723468613,3467,3467
1723468613,3468,3468
1723468613,3469,3469
1723468613,3470,3470
1723468613,3471,3471
1723468613,3472,3472
1723468613,3473,3473
1723468613,3474,3474
1723468613,3475,3475
1723468613,3476,3476
1723468613,3477,3477
1723468613,3478,3478
1723468613,3479,3479
1723468613,3480,3480
1723468613,3481,3481
1723468613,3482,3482
1723468613,3483,3483
1723468613,3484,3484
1723468613,3485,3485
1723468613,3486,3486
1723468613,3487,3487
1723468613,3488,3488
1723468613,3489,3489
1723468613,3490,3490
1723468613,3491,3491
1723468613,3492,3492
1723468613,3493,3493
1723468613,3494,3494
1723468613,3495,3495
1723468613,3496,3496
1723468613,3497,3497
1723468614,3498,3498
1723468614,3499,3499
1723468614,3500,3500
1723468614,3501,3501
1723468614,3502,3502
1723468614,3503,3503
1723468614,3504,3504
1723468614,3505,3505
1723468614,3506,3506
1723468614,3507,3507
1723468614,3508,3508
1723468614,3509,3509
1723468614,3510,3510
1723468614,3511,3511
1723468614,3512,3512
1723468614,3513,3513
1723468614,3514,3514
1723468614,3515,3515
1723468614,3516,3516
1723468614,3517,3517
1723468614,3518,3518
1723468614,3519,3519
1723468614,3520,3520
1723468614,3521,3521
1723468614,3522,3522
1723468614,3523,3523
1723468614,3524,3524
1723468614,3525,3525
1723468614,3526,3526
1723468614,3527,3527
1723468614,3528,3528
1723468614,3529,3529
1723468614,3530,3530
1723468614,3531,3531
1723468614,3532,3532
1723468614,3533,3533
1723468614,3534,3534
1723468614,3535,3535
1723468614,3536,3536
1723468614,3537,3537
1723468614,3538,3538
1723468614,3539,3539
1723468614,3540,3540
1723468614,3541,3541
1723468614,3542,3542
1723468614,3543,3543
1723468614,3544,3544
1723468614,3545,3545
1723468614,3546,3546
1723468614,3547,3547
1723468614,3548,3548
1723468614,3549,3549
1723468614,3550,3550
1723468614,3551,3551
1723468614,3552,3552
1723468614,3553,3553
1723468614,3554,3554
1723468614,3555,3555
1723468614,3556,3556
1723468614,3557,3557
1723468614,3558,3558
1723468614,3559,3559
1723468614,3560,3560
1723468614,3561,3561
1723468614,3562,3562
1723468614,3563,3563
1723468614,3564,3564
1723468614,3565,3565
1723468614,3566,3566
1723468614,3567,3567
1723468614,3568,3568
1723468614,3569,3569
1723468614,3570,3570
1723468614,3571,3571
1723468614,3572,3572
1723468614,3573,3573
1723468614,3574,3574
1723468614,3575,3575
1723468615,3576,3576
1723468615,3577,3577
1723468615,3578,3578
1723468615,3579,3579
1723468615,3580,3580
1723468615,3581,3581
1723468615,3582,3582
1723468615,3583,3583
1723468615,3584,3584
1723468615,3585,3585
1723468615,3586,3586
1723468615,3587,3587
1723468615,3588,3588
1723468615,3589,3589
1723468615,3590,3590
1723468615,3591,3591
1723468615,3592,3592
1723468615,3593,3593
1723468615,3594,3594
1723468615,3595,3595
1723468615,3596,3596
1723468615,3597,3597
1723468615,3598,3598
1723468615,3599,3599
1723468615,3600,3600
1723468615,3601,3601
1723468615,3602,3602
1723468615,3603,3603
1723468615,3604,3604
1723468615,3605,3605
1723468615,3606,3606
1723468615,3607,3607
1723468615,3608,3608
1723468615,3609,3609
1723468615,3610,3610
1723468615,3611,3611
1723468615,3612,3612
1723468615,3613,3613
1723468615,3614,3614
1723468615,3615,3615
1723468615,3616,3616
1723468615,3617,3617
1723468615,3618,3618
1723468615,3619,3619
1723468615,3620,3620
1723468615,3621,3621
1723468615,3622,3622
1723468615,3623,3623
1723468615,3624,3624
1723468615,3625,3625
1723468615,3626,3626
1723468615,3627,3627
1723468615,3628,3628
1723468615,3629,3629
1723468615,3630,3630
1723468615,3631,3631
1723468615,3632,3632
1723468615,3633,3633
1723468615,3634,3634
1723468615,3635,3635
1723468615,3636,3636
1723468615,3637,3637
1723468615,3638,3638
1723468615,3639,3639
1723468615,3640,3640
1723468615,3641,3641
1723468615,3642,3642
1723468615,3643,3643
1723468615,3644,3644
1723468615,3645,3645
1723468615,3646,3646
1723468615,3647,3647
1723468615,3648,3648
1723468615,3649,3649
1723468615,3650,3650
1723468615,3651,3651
1723468615,3652,3652
1723468615,3653,3653
1723468615,3654,3654
1723468615,3655,3655
1723468615,3656,3656
1723468615,3657,3657
1723468615,3658,3658
1723468615,3659,3659
1723468615,3660,3660
1723468615,3661,3661
1723468615,3662,3662
1723468616,3663,3663
1723468616,3664,3664
1723468616,3665,3665
1723468616,3666,3666
1723468616,3667,3667
1723468616,3668,3668
1723468616,3669,3669
1723468616,3670,3670
1723468616,3671,3671
1723468616,3672,3672
1723468616,3673,3673
1723468616,3674,3674
1723468616,3675,3675
1723468616,3676,3676
1723468616,3677,3677
1723468616,3678,3678
1723468616,3679,3679
1723468616,3680,3680
1723468616,3681,3681
1723468616,3682,3682
1723468616,3683,3683
1723468616,3684,3684
1723468616,3685,3685
1723468616,3686,3686
1723468616,3687,3687
1723468616,3688,3688
1723468616,3689,3689
1723468616,3690,3690
1723468616,3691,3691
1723468616,3692,3692
1723468616,3693,3693
1723468616,3694,3694
1723468616,3695,3695
1723468616,3696,3696
1723468616,3697,3697
1723468616,3698,3698
1723468616,3699,3699
1723468616,3700,3700
1723468616,3701,3701
1723468616,3702,3702
1723468616,3703,3703
1723468616,3704,3704
1723468616,3705,3705
1723468616,3706,3706
1723468616,3707,3707
1723468616,3708,3708
1723468616,3709,3709
1723468616,3710,3710
1723468616,3711,3711
1723468616,3712,3712
1723468616,3713,3713
1723468616,3714,3714
1723468616,3715,3715
1723468616,3716,3716
1723468616,3717,3717
1723468616,3718,3718
1723468616,3719,3719
1723468616,3720,3720
1723468616,3721,3721
1723468616,3722,3722
1723468616,3723,3723
1723468616,3724,3724
1723468616,3725,3725
1723468616,3726,3726
1723468616,3727,3727
1723468616,3728,3728
1723468616,3729,3729
1723468617,3730,3730
1723468617,3731,3731
1723468617,3732,3732
1723468617,3733,3733
1723468617,3734,3734
1723468617,3735,3735
1723468617,3736,3736
1723468617,3737,3737
1723468617,3738,3738
1723468617,3739,3739
1723468617,3740,3740
1723468617,3741,3741
1723468617,3742,3742
1723468617,3743,3743
1723468617,3744,3744
1723468617,3745,3745
1723468617,3746,3746
1723468617,3747,3747
1723468617,3748,3748
1723468617,3749,3749
1723468617,3750,3750
1723468617,3751,3751
1723468617,3752,3752
1723468617,3753,3753
1723468617,3754,3754
1723468617,3755,3755
1723468617,3756,3756
1723468617,3757,3757
1723468617,3758,3758
1723468617,3759,3759
1723468617,3760,3760
1723468617,3761,3761
1723468617,3762,3762
1723468617,3763,3763
1723468617,3764,3764
1723468617,3765,3765
1723468617,3766,3766
1723468617,3767,3767
1723468617,3768,3768
1723468617,3769,3769
1723468617,3770,3770
1723468617,3771,3771
1723468617,3772,3772
1723468617,3773,3773
1723468617,3774,3774
1723468617,3775,3775
1723468617,3776,3776
1723468617,3777,3777
1723468617,3778,3778
1723468617,3779,3779
1723468617,3780,3780
1723468617,3781,3781
1723468617,3782,3782
1723468617,3783,3783
1723468617,3784,3784
1723468617,3785,3785
1723468617,3786,3786
1723468617,3787,3787
1723468617,3788,3788
1723468617,3789,3789
1723468617,3790,3790
1723468617,3791,3791
1723468617,3792,3792
1723468617,3793,3793
1723468617,3794,3794
1723468618,3795,3795
1723468618,3796,3796
1723468618,3797,3797
1723468618,3798,3798
1723468618,3799,3799
1723468618,3800,3800
1723468618,3801,3801
1723468618,3802,3802
1723468618,3803,3803
1723468618,3804,3804
1723468618,3805,3805
1723468618,3806,3806
1723468618,3807,3807
1723468618,3808,3808
1723468618,3809,3809
1723468618,3810,3810
1723468618,3811,3811
1723468618,3812,3812
1723468618,3813,3813
1723468618,3814,3814
1723468618,3815,3815
1723468618,3816,3816
1723468618,3817,3817
1723468618,3818,3818
1723468618,3819,3819
1723468618,3820,3820
1723468618,3821,3821
1723468618,3822,3822
1723468618,3823,3823
1723468618,3824,3824
1723468618,3825,3825
1723468618,3826,3826
1723468618,3827,3827
1723468618,3828,3828
1723468618,3829,3829
1723468618,3830,3830
1723468618,3831,3831
1723468618,3832,3832
1723468618,3833,3833
1723468618,3834,3834
1723468618,3835,3835
1723468618,3836,3836
1723468618,3837,3837
1723468618,3838,3838
1723468618,3839,3839
1723468618,3840,3840
1723468618,3841,3841
1723468618,3842,3842
1723468618,3843,3843
1723468618,3844,3844
1723468618,3845,3845
1723468618,3846,3846
1723468618,3847,3847
1723468618,3848,3848
1723468618,3849,3849
1723468618,3850,3850
1723468618,3851,3851
1723468618,3852,3852
1723468618,3853,3853
1723468618,3854,3854
1723468618,3855,3855
1723468618,3856,3856
1723468618,3857,3857
1723468618,3858,3858
1723468618,3859,3859
1723468618,3860,3860
1723468618,3861,3861
1723468618,3862,3862
1723468618,3863,3863
1723468618,3864,3864
1723468618,3865,3865
1723468618,3866,3866
1723468618,3867,3867
1723468618,3868,3868
1723468619,3869,3869
1723468619,3870,3870
1723468619,3871,3871
1723468619,3872,3872
1723468619,3873,3873
1723468619,3874,3874
1723468619,3875,3875
1723468619,3876,3876
1723468619,3877,3877
1723468619,3878,3878
1723468619,3879,3879
1723468619,3880,3880
1723468619,3881,3881
1723468619,3882,3882
1723468619,3883,3883
1723468619,3884,3884
1723468619,3885,3885
1723468619,3886,3886
1723468619,3887,3887
1723468619,3888,3888
1723468619,3889,3889
1723468619,3890,3890
1723468619,3891,3891
1723468619,3892,3892
1723468619,3893,3893
1723468619,3894,3894
1723468619,3895,3895
1723468619,3896,3896
1723468619,3897,3897
1723468619,3898,3898
1723468619,3899,3899
1723468619,3900,3900
1723468619,3901,3901
1723468619,3902,3902
1723468619,3903,3903
1723468619,3904,3904
1723468619,3905,3905
1723468619,3906,3906
1723468619,3907,3907
1723468619,3908,3908
1723468619,3909,3909
1723468619,3910,3910
1723468619,3911,3911
1723468619,3912,3912
1723468619,3913,3913
1723468619,3914,3914
1723468619,3915,3915
1723468619,3916,3916
1723468619,3917,3917
1723468619,3918,3918
1723468619,3919,3919
1723468619,3920,3920
1723468619,3921,3921
1723468619,3922,3922
1723468619,3923,3923
1723468619,3924,3924
1723468619,3925,3925
1723468619,3926,3926
1723468619,3927,3927
1723468619,3928,3928
1723468619,3929,3929
1723468620,3930,3930
1723468620,3931,3931
1723468620,3932,3932
1723468620,3933,3933
1723468620,3934,3934
1723468620,3935,3935
1723468620,3936,3936
1723468620,3937,3937
1723468620,3938,3938
1723468620,3939,3939
1723468620,3940,3940
1723468620,3941,3941
1723468620,3942,3942
1723468620,3943,3943
1723468620,3944,3944
1723468620,3945,3945
1723468620,3946,3946
1723468620,3947,3947
1723468620,3948,3948
1723468620,3949,3949
1723468620,3950,3950
1723468620,3951,3951
1723468620,3952,3952
1723468620,3953,3953
1723468620,3954,3954
1723468620,3955,3955
1723468620,3956,3956
1723468620,3957,3957
1723468620,3958,3958
1723468620,3959,3959
1723468620,3960,3960
1723468620,3961,3961
1723468620,3962,3962
1723468620,3963,3963
1723468620,3964,3964
1723468620,3965,3965
1723468620,3966,3966
1723468620,3967,3967
1723468620,3968,3968
1723468620,3969,3969
1723468620,3970,3970
1723468620,3971,3971
1723468620,3972,3972
1723468620,3973,3973
1723468620,3974,3974
1723468620,3975,3975
1723468620,3976,3976
1723468620,3977,3977
1723468620,3978,3978
1723468620,3979,3979
1723468620,3980,3980
1723468620,3981,3981
1723468620,3982,3982
1723468620,3983,3983
1723468620,3984,3984
1723468620,3985,3985
1723468620,3986,3986
1723468620,3987,3987
1723468620,3988,3988
1723468620,3989,3989
1723468620,3990,3990
1723468620,3991,3991
1723468621,3992,3992
1723468621,3993,3993
1723468621,3994,3994
1723468621,3995,3995
1723468621,3996,3996
1723468621,3997,3997
1723468621,3998,3998
1723468621,3999,3999
1723468621,4000,4000
1723468621,4001,4001
1723468621,4002,4002
1723468621,4003,4003
1723468621,4004,4004
1723468621,4005,4005
1723468621,4006,4006
1723468621,4007,4007
1723468621,4008,4008
1723468621,4009,4009
1723468621,4010,4010
1723468621,4011,4011
1723468621,4012,4012
1723468621,4013,4013
1723468621,4014,4014
1723468621,4015,4015
1723468621,4016,4016
1723468621,4017,4017
1723468621,4018,4018
1723468621,4019,4019
1723468621,4020,4020
1723468621,4021,4021
1723468621,4022,4022
1723468621,4023,4023
1723468621,4024,4024
1723468621,4025,4025
1723468621,4026,4026
1723468621,4027,4027
1723468621,4028,4028
1723468621,4029,4029
1723468621,4030,4030
1723468621,4031,4031
1723468621,4032,4032
1723468621,4033,4033
1723468621,4034,4034
1723468621,4035,4035
1723468621,4036,4036
1723468621,4037,4037
1723468621,4038,4038
1723468621,4039,4039
1723468621,4040,4040
1723468621,4041,4041
1723468621,4042,4042
1723468621,4043,4043
1723468621,4044,4044
1723468621,4045,4045
1723468621,4046,4046
1723468621,4047,4047
1723468621,4048,4048
1723468621,4049,4049
1723468621,4050,4050
1723468621,4051,4051
1723468621,4052,4052
1723468621,4053,4053
1723468621,4054,4054
1723468621,4055,4055
1723468621,4056,4056
1723468621,4057,4057
1723468621,4058,4058
1723468621,4059,4059
1723468621,4060,4060
1723468621,4061,4061
1723468621,4062,4062
1723468621,4063,4063
1723468621,4064,4064
1723468621,4065,4065
1723468621,4066,4066
1723468621,4067,4067
1723468621,4068,4068
1723468622,4069,4069
1723468622,4070,4070
1723468622,4071,4071
1723468622,4072,4072
1723468622,4073,4073
1723468622,4074,4074
1723468622,4075,4075
1723468622,4076,4076
1723468622,4077,4077
1723468622,4078,4078
1723468622,4079,4079
1723468622,4080,4080
1723468622,4081,4081
1723468622,4082,4082
1723468622,4083,4083
1723468622,4084,4084
1723468622,4085,4085
1723468622,4086,4086
1723468622,4087,4087
1723468622,4088,4088
1723468622,4089,4089
1723468622,4090,4090
1723468622,4091,4091
1723468622,4092,4092
1723468622,4093,4093
1723468622,4094,4094
1723468622,4095,4095
1723468622,4096,4096
1723468622,4097,4097
1723468622,4098,4098
1723468622,4099,4099
1723468622,4100,4100
1723468622,4101,4101
1723468622,4102,4102
1723468622,4103,4103
1723468622,4104,4104
1723468622,4105,4105
1723468622,4106,4106
1723468622,4107,4107
1723468622,4108,4108
1723468622,4109,4109
1723468622,4110,4110
1723468622,4111,4111
1723468622,4112,4112
1723468622,4113,4113
1723468622,4114,4114
1723468622,4115,4115
1723468622,4116,4116
1723468622,4117,4117
1723468622,4118,4118
1723468622,4119,4119
1723468622,4120,4120
1723468622,4121,4121
1723468622,4122,4122
1723468622,4123,4123
1723468622,4124,4124
1723468622,4125,4125
1723468622,4126,4126
1723468622,4127,4127
1723468622,4128,4128
1723468622,4129,4129
1723468622,4130,4130
1723468622,4131,4131
1723468622,4132,4132
1723468622,4133,4133
1723468622,4134,4134
1723468622,4135,4135
1723468622,4136,4136
1723468622,4137,4137
1723468622,4138,4138
1723468622,4139,4139
1723468622,4140,4140
1723468622,4141,4141
1723468622,4142,4142
1723468622,4143,4143
1723468622,4144,4144
1723468622,4145,4145
1723468622,4146,4146
1723468622,4147,4147
1723468622,4148,4148
1723468622,4149,4149
1723468622,4150,4150
1723468623,4151,4151
1723468623,4152,4152
1723468623,4153,4153
1723468623,4154,4154
1723468623,4155,4155
1723468623,4156,4156
1723468623,4157,4157
1723468623,4158,4158
1723468623,4159,4159
1723468623,4160,4160
1723468623,4161,4161
1723468623,4162,4162
1723468623,4163,4163
1723468623,4164,4164
1723468623,4165,4165
1723468623,4166,4166
1723468623,4167,4167
1723468623,4168,4168
1723468623,4169,4169
1723468623,4170,4170
1723468623,4171,4171
1723468623,4172,4172
1723468623,4173,4173
1723468623,4174,4174
1723468623,4175,4175
1723468623,4176,4176
1723468623,4177,4177
1723468623,4178,4178
1723468623,4179,4179
1723468623,4180,4180
1723468623,4181,4181
1723468623,4182,4182
1723468623,4183,4183
1723468623,4184,4184
1723468623,4185,4185
1723468623,4186,4186
1723468623,4187,4187
1723468623,4188,4188
1723468623,4189,4189
1723468623,4190,4190
1723468623,4191,4191
1723468623,4192,4192
1723468623,4193,4193
1723468623,4194,4194
1723468623,4195,4195
1723468623,4196,4196
1723468623,4197,4197
1723468623,4198,4198
1723468623,4199,4199
1723468623,4200,4200
1723468623,4201,4201
1723468624,4202,4202
1723468624,4203,4203
1723468624,4204,4204
1723468624,4205,4205
1723468624,4206,4206
1723468624,4207,4207
1723468624,4208,4208
1723468624,4209,4209
1723468624,4210,4210
1723468624,4211,4211
1723468624,4212,4212
1723468624,4213,4213
1723468624,4214,4214
1723468624,4215,4215
1723468624,4216,4216
1723468624,4217,4217
1723468624,4218,4218
1723468624,4219,4219
1723468624,4220,4220
1723468624,4221,4221
1723468624,4222,4222
1723468624,4223,4223
1723468624,4224,4224
1723468624,4225,4225
1723468624,4226,4226
1723468624,4227,4227
1723468624,4228,4228
1723468624,4229,4229
1723468624,4230,4230
1723468624,4231,4231
1723468624,4232,4232
1723468624,4233,4233
1723468624,4234,4234
1723468624,4235,4235
1723468624,4236,4236
1723468624,4237,4237
1723468624,4238,4238
1723468624,4239,4239
1723468624,4240,4240
1723468624,4241,4241
1723468624,4242,4242
1723468624,4243,4243
1723468624,4244,4244
1723468624,4245,4245
1723468624,4246,4246
1723468624,4247,4247
1723468624,4248,4248
1723468624,4249,4249
1723468624,4250,4250
1723468624,4251,4251
1723468624,4252,4252
1723468624,4253,4253
1723468624,4254,4254
1723468624,4255,4255
1723468624,4256,4256
1723468624,4257,4257
1723468624,4258,4258
1723468624,4259,4259
1723468625,4260,4260
1723468625,4261,4261
1723468625,4262,4262
1723468625,4263,4263
1723468625,4264,4264
1723468625,4265,4265
1723468625,4266,4266
1723468625,4267,4267
1723468625,4268,4268
1723468625,4269,4269
1723468625,4270,4270
1723468625,4271,4271
1723468625,4272,4272
1723468625,4273,4273
1723468625,4274,4274
1723468625,4275,4275
1723468625,4276,4276
1723468625,4277,4277
1723468625,4278,4278
1723468625,4279,4279
1723468625,4280,4280
1723468625,4281,4281
1723468625,4282,4282
1723468625,4283,4283
1723468625,4284,4284
1723468625,4285,4285
1723468625,4286,4286
1723468625,4287,4287
1723468625,4288,4288
1723468625,4289,4289
1723468625,4290,4290
1723468625,4291,4291
1723468625,4292,4292
1723468625,4293,4293
1723468625,4294,4294
1723468625,4295,4295
1723468625,4296,4296
1723468625,4297,4297
1723468625,4298,4298
1723468625,4299,4299
1723468625,4300,4300
1723468625,4301,4301
1723468625,4302,4302
1723468625,4303,4303
1723468625,4304,4304
1723468625,4305,4305
1723468625,4306,4306
1723468625,4307,4307
1723468625,4308,4308
1723468625,4309,4309
1723468625,4310,4310
1723468625,4311,4311
1723468625,4312,4312
1723468625,4313,4313
1723468625,4314,4314
1723468625,4315,4315
1723468625,4316,4316
1723468625,4317,4317
1723468625,4318,4318
1723468625,4319,4319
1723468626,4320,4320
1723468626,4321,4321
1723468626,4322,4322
1723468626,4323,4323
1723468626,4324,4324
1723468626,4325,4325
1723468626,4326,4326
1723468626,4327,4327
1723468626,4328,4328
1723468626,4329,4329
1723468626,4330,4330
1723468626,4331,4331
1723468626,4332,4332
1723468626,4333,4333
1723468626,4334,4334
1723468626,4335,4335
1723468626,4336,4336
1723468626,4337,4337
1723468626,4338,4338
1723468626,4339,4339
1723468626,4340,4340
1723468626,4341,4341
1723468626,4342,4342
1723468626,4343,4343
1723468626,4344,4344
1723468626,4345,4345
1723468626,4346,4346
1723468626,4347,4347
1723468626,4348,4348
1723468626,4349,4349
1723468626,4350,4350
1723468626,4351,4351
1723468626,4352,4352
1723468626,4353,4353
1723468626,4354,4354
1723468626,4355,4355
1723468626,4356,4356
1723468626,4357,4357
1723468626,4358,4358
1723468626,4359,4359
1723468626,4360,4360
1723468626,4361,4361
1723468626,4362,4362
1723468626,4363,4363
1723468626,4364,4364
1723468626,4365,4365
1723468626,4366,4366
1723468626,4367,4367
1723468626,4368,4368
1723468626,4369,4369
1723468626,4370,4370
1723468626,4371,4371
1723468626,4372,4372
1723468626,4373,4373
1723468626,4374,4374
1723468626,4375,4375
1723468626,4376,4376
1723468626,4377,4377
1723468626,4378,4378
1723468626,4379,4379
1723468626,4380,4380
1723468626,4381,4381
1723468626,4382,4382
1723468626,4383,4383
1723468626,4384,4384
1723468626,4385,4385
1723468626,4386,4386
1723468626,4387,4387
1723468626,4388,4388
1723468626,4389,4389
1723468627,4390,4390
1723468627,4391,4391
1723468627,4392,4392
1723468627,4393,4393
1723468627,4394,4394
1723468627,4395,4395
1723468627,4396,4396
1723468627,4397,4397
1723468627,4398,4398
1723468627,4399,4399
1723468627,4400,4400
1723468627,4401,4401
1723468627,4402,4402
1723468627,4403,4403
1723468627,4404,4404
1723468627,4405,4405
1723468627,4406,4406
1723468627,4407,4407
1723468627,4408,4408
1723468627,4409,4409
1723468627,4410,4410
1723468627,4411,4411
1723468627,4412,4412
1723468627,4413,4413
1723468627,4414,4414
1723468627,4415,4415
1723468627,4416,4416
1723468627,4417,4417
1723468627,4418,4418
1723468627,4419,4419
1723468627,4420,4420
1723468627,4421,4421
1723468627,4422,4422
1723468627,4423,4423
1723468627,4424,4424
1723468627,4425,4425
1723468627,4426,4426
1723468627,4427,4427
1723468627,4428,4428
1723468627,4429,4429
1723468627,4430,4430
1723468627,4431,4431
1723468627,4432,4432
1723468627,4433,4433
1723468627,4434,4434
1723468627,4435,4435
1723468627,4436,4436
1723468627,4437,4437
1723468627,4438,4438
1723468627,4439,4439
1723468627,4440,4440
1723468627,4441,4441
1723468627,4442,4442
1723468627,4443,4443
1723468627,4444,4444
1723468627,4445,4445
1723468627,4446,4446
1723468627,4447,4447
1723468627,4448,4448
1723468627,4449,4449
1723468627,4450,4450
1723468627,4451,4451
1723468627,4452,4452
1723468627,4453,4453
1723468627,4454,4454
1723468627,4455,4455
1723468627,4456,4456
1723468627,4457,4457
1723468627,4458,4458
1723468627,4459,4459
1723468627,4460,4460
1723468627,4461,4461
1723468627,4462,4462
1723468628,4463,4463
1723468628,4464,4464
1723468628,4465,4465
1723468628,4466,4466
1723468628,4467,4467
1723468628,4468,4468
1723468628,4469,4469
1723468628,4470,4470
1723468628,4471,4471
1723468628,4472,4472
1723468628,4473,4473
1723468628,4474,4474
1723468628,4475,4475
1723468628,4476,4476
1723468628,4477,4477
1723468628,4478,4478
1723468628,4479,4479
1723468628,4480,4480
1723468628,4481,4481
1723468628,4482,4482
1723468628,4483,4483
1723468628,4484,4484
1723468628,4485,4485
1723468628,4486,4486
1723468628,4487,4487
1723468628,4488,4488
1723468628,4489,4489
1723468628,4490,4490
1723468628,4491,4491
1723468628,4492,4492
1723468628,4493,4493
1723468628,4494,4494
1723468628,4495,4495
1723468628,4496,4496
1723468628,4497,4497
1723468628,4498,4498
1723468628,4499,4499
1723468628,4500,4500
1723468628,4501,4501
1723468628,4502,4502
1723468628,4503,4503
1723468628,4504,4504
1723468628,4505,4505
1723468628,4506,4506
1723468628,4507,4507
1723468628,4508,4508
1723468628,4509,4509
1723468628,4510,4510
1723468628,4511,4511
1723468628,4512,4512
1723468628,4513,4513
1723468628,4514,4514
1723468628,4515,4515
1723468628,4516,4516
1723468628,4517,4517
1723468628,4518,4518
1723468628,4519,4519
1723468628,4520,4520
1723468628,4521,4521
1723468628,4522,4522
1723468628,4523,4523
1723468628,4524,4524
1723468628,4525,4525
1723468628,4526,4526
1723468628,4527,4527
1723468628,4528,4528
1723468628,4529,4529
1723468628,4530,4530
1723468628,4531,4531
1723468628,4532,4532
1723468629,4533,4533
1723468629,4534,4534
1723468629,4535,4535
1723468629,4536,4536
1723468629,4537,4537
1723468629,4538,4538
1723468629,4539,4539
1723468629,4540,4540
1723468629,4541,4541
1723468629,4542,4542
1723468629,4543,4543
1723468629,4544,4544
1723468629,4545,4545
1723468629,4546,4546
1723468629,4547,4547
1723468629,4548,4548
1723468629,4549,4549
1723468629,4550,4550
1723468629,4551,4551
1723468629,4552,4552
1723468629,4553,4553
1723468629,4554,4554
1723468629,4555,4555
1723468629,4556,4556
1723468629,4557,4557
1723468629,4558,4558
1723468629,4559,4559
1723468629,4560,4560
1723468629,4561,4561
1723468629,4562,4562
1723468629,4563,4563
1723468629,4564,4564
1723468629,4565,4565
1723468629,4566,4566
1723468629,4567,4567
1723468629,4568,4568
1723468629,4569,4569
1723468629,4570,4570
1723468629,4571,4571
1723468629,4572,4572
1723468629,4573,4573
1723468629,4574,4574
1723468629,4575,4575
1723468629,4576,4576
1723468629,4577,4577
1723468629,4578,4578
1723468629,4579,4579
1723468629,4580,4580
1723468629,4581,4581
1723468629,4582,4582
1723468629,4583,4583
1723468629,4584,4584
1723468629,4585,4585
1723468629,4586,4586
1723468629,4587,4587
1723468629,4588,4588
1723468629,4589,4589
1723468629,4590,4590
1723468629,4591,4591
1723468629,4592,4592
1723468629,4593,4593
1723468629,4594,4594
1723468629,4595,4595
1723468629,4596,4596
1723468629,4597,4597
1723468629,4598,4598
1723468629,4599,4599
1723468629,4600,4600
1723468629,4601,4601
1723468629,4602,4602
1723468629,4603,4603
1723468629,4604,4604
1723468629,4605,4605
1723468629,4606,4606
1723468629,4607,4607
1723468629,4608,4608
1723468629,4609,4609
1723468629,4610,4610
1723468629,4611,4611
1723468629,4612,4612
1723468629,4613,4613
1723468629,4614,4614
1723468629,4615,4615
1723468630,4616,4616
1723468630,4617,4617
1723468630,4618,4618
1723468630,4619,4619
1723468630,4620,4620
1723468630,4621,4621
1723468630,4622,4622
1723468630,4623,4623
1723468630,4624,4624
1723468630,4625,4625
1723468630,4626,4626
1723468630,4627,4627
1723468630,4628,4628
1723468630,4629,4629
1723468630,4630,4630
1723468630,4631,4631
1723468630,4632,4632
1723468630,4633,4633
1723468630,4634,4634
1723468630,4635,4635
1723468630,4636,4636
1723468630,4637,4637
1723468630,4638,4638
1723468630,4639,4639
1723468630,4640,4640
1723468630,4641,4641
1723468630,4642,4642
1723468630,4643,4643
1723468630,4644,4644
1723468630,4645,4645
1723468630,4646,4646
1723468630,4647,4647
1723468630,4648,4648
1723468630,4649,4649
1723468630,4650,4650
1723468630,4651,4651
1723468630,4652,4652
1723468630,4653,4653
1723468630,4654,4654
1723468630,4655,4655
1723468630,4656,4656
1723468630,4657,4657
1723468630,4658,4658
1723468630,4659,4659
1723468630,4660,4660
1723468630,4661,4661
1723468630,4662,4662
1723468630,4663,4663
1723468630,4664,4664
1723468630,4665,4665
1723468630,4666,4666
1723468630,4667,4667
1723468630,4668,4668
1723468630,4669,4669
1723468630,4670,4670
1723468630,4671,4671
1723468630,4672,4672
1723468630,4673,4673
1723468630,4674,4674
1723468630,4675,4675
1723468630,4676,4676
1723468630,4677,4677
1723468631,4678,4678
1723468631,4679,4679
1723468631,4680,4680
1723468631,4681,4681
1723468631,4682,4682
1723468631,4683,4683
1723468631,4684,4684
1723468631,4685,4685
1723468631,4686,4686
1723468631,4687,4687
1723468631,4688,4688
1723468631,4689,4689
1723468631,4690,4690
1723468631,4691,4691
1723468631,4692,4692
1723468631,4693,4693
1723468631,4694,4694
1723468631,4695,4695
1723468631,4696,4696
1723468631,4697,4697
1723468631,4698,4698
1723468631,4699,4699
1723468631,4700,4700
1723468631,4701,4701
1723468631,4702,4702
1723468631,4703,4703
1723468631,4704,4704
1723468631,4705,4705
1723468631,4706,4706
1723468631,4707,4707
1723468631,4708,4708
1723468631,4709,4709
1723468631,4710,4710
1723468631,4711,4711
1723468631,4712,4712
1723468631,4713,4713
1723468631,4714,4714
1723468631,4715,4715
1723468631,4716,4716
1723468631,4717,4717
1723468631,4718,4718
1723468631,4719,4719
1723468631,4720,4720
1723468631,4721,4721
1723468631,4722,4722
1723468631,4723,4723
1723468631,4724,4724
1723468631,4725,4725
1723468631,4726,4726
1723468631,4727,4727
1723468631,4728,4728
1723468631,4729,4729
1723468631,4730,4730
1723468631,4731,4731
1723468631,4732,4732
1723468631,4733,4733
1723468631,4734,4734
1723468631,4735,4735
1723468631,4736,4736
1723468631,4737,4737
1723468631,4738,4738
1723468631,4739,4739
1723468631,4740,4740
1723468631,4741,4741
1723468631,4742,4742
1723468632,4743,4743
1723468632,4744,4744
1723468632,4745,4745
1723468632,4746,4746
1723468632,4747,4747
1723468632,4748,4748
1723468632,4749,4749
1723468632,4750,4750
1723468632,4751,4751
1723468632,4752,4752
1723468632,4753,4753
1723468632,4754,4754
1723468632,4755,4755
1723468632,4756,4756
1723468632,4757,4757
1723468632,4758,4758
1723468632,4759,4759
1723468632,4760,4760
1723468632,4761,4761
1723468632,4762,4762
1723468632,4763,4763
1723468632,4764,4764
1723468632,4765,4765
1723468632,4766,4766
1723468632,4767,4767
1723468632,4768,4768
1723468632,4769,4769
1723468632,4770,4770
1723468632,4771,4771
1723468632,4772,4772
1723468632,4773,4773
1723468632,4774,4774
1723468632,4775,4775
1723468632,4776,4776
1723468632,4777,4777
1723468632,4778,4778
1723468632,4779,4779
1723468632,4780,4780
1723468632,4781,4781
1723468632,4782,4782
1723468632,4783,4783
1723468632,4784,4784
1723468632,4785,4785
1723468632,4786,4786
1723468632,4787,4787
1723468632,4788,4788
1723468632,4789,4789
1723468632,4790,4790
1723468632,4791,4791
1723468632,4792,4792
1723468632,4793,4793
1723468632,4794,4794
1723468632,4795,4795
1723468632,4796,4796
1723468632,4797,4797
1723468632,4798,4798
1723468632,4799,4799
1723468632,4800,4800
1723468632,4801,4801
1723468632,4802,4802
1723468632,4803,4803
1723468632,4804,4804
1723468632,4805,4805
1723468632,4806,4806
1723468633,4807,4807
1723468633,4808,4808
1723468633,4809,4809
1723468633,4810,4810
1723468633,4811,4811
1723468633,4812,4812
1723468633,4813,4813
1723468633,4814,4814
1723468633,4815,4815
1723468633,4816,4816
1723468633,4817,4817
1723468633,4818,4818
1723468633,4819,4819
1723468633,4820,4820
1723468633,4821,4821
1723468633,4822,4822
1723468633,4823,4823
1723468633,4824,4824
1723468633,4825,4825
1723468633,4826,4826
1723468633,4827,4827
1723468633,4828,4828
1723468633,4829,4829
1723468633,4830,4830
1723468633,4831,4831
1723468633,4832,4832
1723468633,4833,4833
1723468633,4834,4834
1723468633,4835,4835
1723468633,4836,4836
1723468633,4837,4837
1723468633,4838,4838
1723468633,4839,4839
1723468633,4840,4840
1723468633,4841,4841
1723468633,4842,4842
1723468633,4843,4843
1723468633,4844,4844
1723468633,4845,4845
1723468633,4846,4846
1723468633,4847,4847
1723468633,4848,4848
1723468633,4849,4849
